FIPS,S,D113,FP, NAMELSAD,name,Total,Male,Male:Under 5 years,Male:5 to 9 years,Male:10 to 14 years,Male:15 to 17 years,Male:18 and 19 years,Male:20 years,Male:21 years,Male:22 to 24 years,Male:25 to 29 years,Male:30 to 34 years,Male:35 to 39 years,Male:40 to 44 years,Male:45 to 49 years,Male:50 to 54 years,Male:55 to 59 years,Male:60 and 61 years,Male:62 to 64 years,Male:65 and 66 years,Male:67 to 69 years,Male:70 to 74 years,Male:75 to 79 years,Male:80 to 84 years,Male:85 years and over,Female,Female:Under 5 years,Female:5 to 9 years,Female:10 to 14 years,Female:15 to 17 years,Female:18 and 19 years,Female:20 years,Female:21 years,Female:22 to 24 years,Female:25 to 29 years,Female:30 to 34 years,Female:35 to 39 years,Female:40 to 44 years,Female:45 to 49 years,Female:50 to 54 years,Female:55 to 59 years,Female:60 and 61 years,Female:62 to 64 years,Female:65 and 66 years,Female:67 to 69 years,Female:70 to 74 years,Female:75 to 79 years,Female:80 to 84 years,Female:85 years and over,Total,Total,Not Hispanic or Latino,Not Hispanic or Latino:White alone,Not Hispanic or Latino:Black or African American alone,Not Hispanic or Latino:American Indian and Alaska Native alone,Not Hispanic or Latino:Asian alone,Not Hispanic or Latino:Native Hawaiian and Other Pacific Islander alone,Not Hispanic or Latino:Some other race alone,Not Hispanic or Latino:Two or more races,Not Hispanic or Latino:Two or more races:Two races including Some other race,"Not Hispanic or Latino:Two or more races:Two races excluding Some other race, and three or more races",Hispanic or Latino,Hispanic or Latino:White alone,Hispanic or Latino:Black or African American alone,Hispanic or Latino:American Indian and Alaska Native alone,Hispanic or Latino:Asian alone,Hispanic or Latino:Native Hawaiian and Other Pacific Islander alone,Hispanic or Latino:Some other race alone,Hispanic or Latino:Two or more races,Hispanic or Latino:Two or more races:Two races including Some other race,"Hispanic or Latino:Two or more races:Two races excluding Some other race, and three or more races",Total,Never married,"Now married, except separated",Divorced,Separated,Widowed,Born in state of residence,Born in state of residence:Never married,"Born in state of residence:Now married, except separated",Born in state of residence:Divorced,Born in state of residence:Separated,Born in state of residence:Widowed,Born in other state in the United States,Born in other state in the United States:Never married,"Born in other state in the United States:Now married, except separated",Born in other state in the United States:Divorced,Born in other state in the United States:Separated,Born in other state in the United States:Widowed,Native; born outside the United States,Native; born outside the United States:Never married,"Native; born outside the United States:Now married, except separated",Native; born outside the United States:Divorced,Native; born outside the United States:Separated,Native; born outside the United States:Widowed,Foreign born,Foreign born:Never married,"Foreign born:Now married, except separated",Foreign born:Divorced,Foreign born:Separated,Foreign born:Widowed,Total,"Less than $10,000","$10,000 to $14,999","$15,000 to $19,999","$20,000 to $24,999","$25,000 to $29,999","$30,000 to $34,999","$35,000 to $39,999","$40,000 to $44,999","$45,000 to $49,999","$50,000 to $59,999","$60,000 to $74,999","$75,000 to $99,999","$100,000 to $124,999","$125,000 to $149,999","$150,000 to $199,999","$200,000 or more",Total,Male,Male:16 to 19 years,Male:16 to 19 years:In labor force,Male:16 to 19 years:In labor force:In Armed Forces,Male:16 to 19 years:In labor force:Civilian,Male:16 to 19 years:In labor force:Civilian:Employed,Male:16 to 19 years:In labor force:Civilian:Unemployed,Male:16 to 19 years:Not in labor force,Male:20 and 21 years,Male:20 and 21 years:In labor force,Male:20 and 21 years:In labor force:In Armed Forces,Male:20 and 21 years:In labor force:Civilian,Male:20 and 21 years:In labor force:Civilian:Employed,Male:20 and 21 years:In labor force:Civilian:Unemployed,Male:20 and 21 years:Not in labor force,Male:22 to 24 years,Male:22 to 24 years:In labor force,Male:22 to 24 years:In labor force:In Armed Forces,Male:22 to 24 years:In labor force:Civilian,Male:22 to 24 years:In labor force:Civilian:Employed,Male:22 to 24 years:In labor force:Civilian:Unemployed,Male:22 to 24 years:Not in labor force,Male:25 to 29 years,Male:25 to 29 years:In labor force,Male:25 to 29 years:In labor force:In Armed Forces,Male:25 to 29 years:In labor force:Civilian,Male:25 to 29 years:In labor force:Civilian:Employed,Male:25 to 29 years:In labor force:Civilian:Unemployed,Male:25 to 29 years:Not in labor force,Male:30 to 34 years,Male:30 to 34 years:In labor force,Male:30 to 34 years:In labor force:In Armed Forces,Male:30 to 34 years:In labor force:Civilian,Male:30 to 34 years:In labor force:Civilian:Employed,Male:30 to 34 years:In labor force:Civilian:Unemployed,Male:30 to 34 years:Not in labor force,Male:35 to 44 years,Male:35 to 44 years:In labor force,Male:35 to 44 years:In labor force:In Armed Forces,Male:35 to 44 years:In labor force:Civilian,Male:35 to 44 years:In labor force:Civilian:Employed,Male:35 to 44 years:In labor force:Civilian:Unemployed,Male:35 to 44 years:Not in labor force,Male:45 to 54 years,Male:45 to 54 years:In labor force,Male:45 to 54 years:In labor force:In Armed Forces,Male:45 to 54 years:In labor force:Civilian,Male:45 to 54 years:In labor force:Civilian:Employed,Male:45 to 54 years:In labor force:Civilian:Unemployed,Male:45 to 54 years:Not in labor force,Male:55 to 59 years,Male:55 to 59 years:In labor force,Male:55 to 59 years:In labor force:In Armed Forces,Male:55 to 59 years:In labor force:Civilian,Male:55 to 59 years:In labor force:Civilian:Employed,Male:55 to 59 years:In labor force:Civilian:Unemployed,Male:55 to 59 years:Not in labor force,Male:60 and 61 years,Male:60 and 61 years:In labor force,Male:60 and 61 years:In labor force:In Armed Forces,Male:60 and 61 years:In labor force:Civilian,Male:60 and 61 years:In labor force:Civilian:Employed,Male:60 and 61 years:In labor force:Civilian:Unemployed,Male:60 and 61 years:Not in labor force,Male:62 to 64 years,Male:62 to 64 years:In labor force,Male:62 to 64 years:In labor force:In Armed Forces,Male:62 to 64 years:In labor force:Civilian,Male:62 to 64 years:In labor force:Civilian:Employed,Male:62 to 64 years:In labor force:Civilian:Unemployed,Male:62 to 64 years:Not in labor force,Male:65 to 69 years,Male:65 to 69 years:In labor force,Male:65 to 69 years:In labor force:Civilian:Employed,Male:65 to 69 years:In labor force:Civilian:Unemployed,Male:65 to 69 years:Not in labor force,Male:70 to 74 years,Male:70 to 74 years:In labor force,Male:70 to 74 years:In labor force:Civilian:Employed,Male:70 to 74 years:In labor force:Civilian:Unemployed,Male:70 to 74 years:Not in labor force,Male:75 years and over,Male:75 years and over:In labor force,Male:75 years and over:In labor force:Civilian:Employed,Male:75 years and over:In labor force:Civilian:Unemployed,Male:75 years and over:Not in labor force,Female,Female:16 to 19 years,Female:16 to 19 years:In labor force,Female:16 to 19 years:In labor force:In Armed Forces,Female:16 to 19 years:In labor force:Civilian,Female:16 to 19 years:In labor force:Civilian:Employed,Female:16 to 19 years:In labor force:Civilian:Unemployed,Female:16 to 19 years:Not in labor force,Female:20 and 21 years,Female:20 and 21 years:In labor force,Female:20 and 21 years:In labor force:In Armed Forces,Female:20 and 21 years:In labor force:Civilian,Female:20 and 21 years:In labor force:Civilian:Employed,Female:20 and 21 years:In labor force:Civilian:Unemployed,Female:20 and 21 years:Not in labor force,Female:22 to 24 years,Female:22 to 24 years:In labor force,Female:22 to 24 years:In labor force:In Armed Forces,Female:22 to 24 years:In labor force:Civilian,Female:22 to 24 years:In labor force:Civilian:Employed,Female:22 to 24 years:In labor force:Civilian:Unemployed,Female:22 to 24 years:Not in labor force,Female:25 to 29 years,Female:25 to 29 years:In labor force,Female:25 to 29 years:In labor force:In Armed Forces,Female:25 to 29 years:In labor force:Civilian,Female:25 to 29 years:In labor force:Civilian:Employed,Female:25 to 29 years:In labor force:Civilian:Unemployed,Female:25 to 29 years:Not in labor force,Female:30 to 34 years,Female:30 to 34 years:In labor force,Female:30 to 34 years:In labor force:In Armed Forces,Female:30 to 34 years:In labor force:Civilian,Female:30 to 34 years:In labor force:Civilian:Employed,Female:30 to 34 years:In labor force:Civilian:Unemployed,Female:30 to 34 years:Not in labor force,Female:35 to 44 years,Female:35 to 44 years:In labor force,Female:35 to 44 years:In labor force:In Armed Forces,Female:35 to 44 years:In labor force:Civilian,Female:35 to 44 years:In labor force:Civilian:Employed,Female:35 to 44 years:In labor force:Civilian:Unemployed,Female:35 to 44 years:Not in labor force,Female:45 to 54 years,Female:45 to 54 years:In labor force,Female:45 to 54 years:In labor force:In Armed Forces,Female:45 to 54 years:In labor force:Civilian,Female:45 to 54 years:In labor force:Civilian:Employed,Female:45 to 54 years:In labor force:Civilian:Unemployed,Female:45 to 54 years:Not in labor force,Female:55 to 59 years,Female:55 to 59 years:In labor force,Female:55 to 59 years:In labor force:In Armed Forces,Female:55 to 59 years:In labor force:Civilian,Female:55 to 59 years:In labor force:Civilian:Employed,Female:55 to 59 years:In labor force:Civilian:Unemployed,Female:55 to 59 years:Not in labor force,Female:60 and 61 years,Female:60 and 61 years:In labor force,Female:60 and 61 years:In labor force:In Armed Forces,Female:60 and 61 years:In labor force:Civilian,Female:60 and 61 years:In labor force:Civilian:Employed,Female:60 and 61 years:In labor force:Civilian:Unemployed,Female:60 and 61 years:Not in labor force,Female:62 to 64 years,Female:62 to 64 years:In labor force,Female:62 to 64 years:In labor force:In Armed Forces,Female:62 to 64 years:In labor force:Civilian,Female:62 to 64 years:In labor force:Civilian:Employed,Female:62 to 64 years:In labor force:Civilian:Unemployed,Female:62 to 64 years:Not in labor force,Female:65 to 69 years,Female:65 to 69 years:In labor force,Female:65 to 69 years:In labor force:Civilian:Employed,Female:65 to 69 years:In labor force:Civilian:Unemployed,Female:65 to 69 years:Not in labor force,Female:70 to 74 years,Female:70 to 74 years:In labor force,Female:70 to 74 years:In labor force:Civilian:Employed,Female:70 to 74 years:In labor force:Civilian:Unemployed,Female:70 to 74 years:Not in labor force,Female:75 years and over,Female:75 years and over:In labor force,Female:75 years and over:In labor force:Civilian:Employed,Female:75 years and over:In labor force:Civilian:Unemployed,Female:75 years and over:Not in labor force,Total,Owner occupied,Owner occupied:1-person household,Owner occupied:2-person household,Owner occupied:3-person household,Owner occupied:4-person household,Owner occupied:5-person household,Owner occupied:6-person household,Owner occupied:7-or-more person household,Renter occupied,Renter occupied:1-person household,Renter occupied:2-person household,Renter occupied:3-person household,Renter occupied:4-person household,Renter occupied:5-person household,Renter occupied:6-person household,Renter occupied:7-or-more person household,Median value (dollars)
50000US3601,NY,36,1, Congressional District 1,"Congressional District 1, NY",726589.0,361539.0,19035.0,20610.0,22973.0,16269.0,10816.0,6166.0,4492.0,14844.0,21692.0,18685.0,18490.0,26116.0,28236.0,30360.0,26659.0,8146.0,14491.0,6857.0,11047.0,14628.0,9757.0,5539.0,5631.0,365050.0,15972.0,20637.0,23663.0,14306.0,10426.0,4325.0,4136.0,15270.0,17877.0,18384.0,20741.0,25830.0,27193.0,29773.0,26288.0,10737.0,12445.0,9440.0,12579.0,16799.0,9046.0,8654.0,10529.0,726589.0,726589.0,618716.0,543986.0,37260.0,1422.0,26443.0,0.0,2297.0,7308.0,783.0,6525.0,107873.0,85966.0,3258.0,161.0,100.0,0.0,12450.0,5938.0,3150.0,2788.0,603699.0,199071.0,302960.0,51919.0,10662.0,39087.0,456919.0,161896.0,219954.0,39058.0,6692.0,29319.0,49807.0,11641.0,26799.0,6050.0,1484.0,3833.0,10117.0,3603.0,4933.0,965.0,25.0,591.0,86856.0,21931.0,51274.0,5846.0,2461.0,5344.0,246721.0,9744.0,5963.0,8051.0,9862.0,6965.0,8196.0,7187.0,8014.0,7638.0,13461.0,21599.0,33427.0,28816.0,20628.0,28260.0,28910.0,593090.0,293276.0,21440.0,7372.0,0.0,7372.0,5522.0,1850.0,14068.0,10658.0,7564.0,43.0,7521.0,6583.0,938.0,3094.0,14844.0,10637.0,25.0,10612.0,9550.0,1062.0,4207.0,21692.0,17901.0,60.0,17841.0,16198.0,1643.0,3791.0,18685.0,16995.0,103.0,16892.0,15757.0,1135.0,1690.0,44606.0,41149.0,161.0,40988.0,39336.0,1652.0,3457.0,58596.0,49057.0,53.0,49004.0,48035.0,969.0,9539.0,26659.0,21787.0,0.0,21787.0,20934.0,853.0,4872.0,8146.0,6547.0,0.0,6547.0,6171.0,376.0,1599.0,14491.0,8405.0,0.0,8405.0,8020.0,385.0,6086.0,17904.0,6838.0,6558.0,280.0,11066.0,14628.0,3391.0,3378.0,13.0,11237.0,20927.0,2172.0,2017.0,155.0,18755.0,299814.0,19768.0,6312.0,14.0,6298.0,5823.0,475.0,13456.0,8461.0,5204.0,0.0,5204.0,4971.0,233.0,3257.0,15270.0,11224.0,0.0,11224.0,10767.0,457.0,4046.0,17877.0,13153.0,0.0,13153.0,12498.0,655.0,4724.0,18384.0,13116.0,0.0,13116.0,12396.0,720.0,5268.0,46571.0,34443.0,0.0,34443.0,33277.0,1166.0,12128.0,56966.0,46223.0,0.0,46223.0,45015.0,1208.0,10743.0,26288.0,19503.0,0.0,19503.0,18947.0,556.0,6785.0,10737.0,7421.0,0.0,7421.0,7164.0,257.0,3316.0,12445.0,6558.0,0.0,6558.0,6281.0,277.0,5887.0,22019.0,6447.0,6285.0,162.0,15572.0,16799.0,2610.0,2486.0,124.0,14189.0,28229.0,2191.0,2159.0,32.0,26038.0,246721.0,197071.0,42071.0,64031.0,32787.0,35719.0,15185.0,5170.0,2108.0,49650.0,20178.0,12251.0,7079.0,5740.0,2209.0,1624.0,569.0,376200.0
50000US3602,NY,36,2,Congressional District 2,"Congressional District 2, NY",721038.0,352397.0,18680.0,22006.0,24090.0,13331.0,10237.0,4490.0,4923.0,17220.0,24896.0,24437.0,21822.0,22649.0,27376.0,28584.0,23533.0,10502.0,12082.0,7184.0,8039.0,9705.0,7127.0,5432.0,4052.0,368641.0,22530.0,19078.0,20165.0,13881.0,8210.0,5776.0,4088.0,16524.0,24318.0,20691.0,20186.0,21855.0,29178.0,31242.0,27143.0,8969.0,13095.0,7824.0,9757.0,12459.0,10711.0,8121.0,12840.0,721038.0,721038.0,556335.0,450830.0,64176.0,282.0,28725.0,61.0,1979.0,10282.0,933.0,9349.0,164703.0,98668.0,5169.0,629.0,47.0,0.0,43455.0,16735.0,3604.0,13131.0,594489.0,215470.0,277005.0,51729.0,10899.0,39386.0,419114.0,164339.0,186258.0,34938.0,5822.0,27757.0,33026.0,10152.0,15244.0,3479.0,849.0,3302.0,14306.0,4682.0,6200.0,1383.0,531.0,1510.0,128043.0,36297.0,69303.0,11929.0,3697.0,6817.0,216567.0,7916.0,4674.0,5950.0,7063.0,6979.0,5774.0,6260.0,6246.0,5882.0,13488.0,19185.0,30607.0,25137.0,19698.0,26765.0,24943.0,586158.0,283334.0,19281.0,8072.0,0.0,8072.0,6903.0,1169.0,11209.0,9413.0,5587.0,0.0,5587.0,5094.0,493.0,3826.0,17220.0,14489.0,9.0,14480.0,13617.0,863.0,2731.0,24896.0,21962.0,0.0,21962.0,19785.0,2177.0,2934.0,24437.0,22561.0,0.0,22561.0,21233.0,1328.0,1876.0,44471.0,40633.0,55.0,40578.0,38469.0,2109.0,3838.0,55960.0,49684.0,0.0,49684.0,47487.0,2197.0,6276.0,23533.0,18851.0,0.0,18851.0,18000.0,851.0,4682.0,10502.0,7520.0,0.0,7520.0,7319.0,201.0,2982.0,12082.0,7941.0,0.0,7941.0,7546.0,395.0,4141.0,15223.0,5786.0,5590.0,196.0,9437.0,9705.0,2299.0,2245.0,54.0,7406.0,16611.0,1573.0,1565.0,8.0,15038.0,302824.0,18047.0,6522.0,0.0,6522.0,5545.0,977.0,11525.0,9864.0,6317.0,0.0,6317.0,5498.0,819.0,3547.0,16524.0,12601.0,0.0,12601.0,11446.0,1155.0,3923.0,24318.0,20673.0,0.0,20673.0,19421.0,1252.0,3645.0,20691.0,16259.0,0.0,16259.0,15641.0,618.0,4432.0,42041.0,33425.0,0.0,33425.0,32229.0,1196.0,8616.0,60420.0,47360.0,0.0,47360.0,45200.0,2160.0,13060.0,27143.0,21625.0,0.0,21625.0,20753.0,872.0,5518.0,8969.0,5841.0,0.0,5841.0,5667.0,174.0,3128.0,13095.0,5794.0,0.0,5794.0,5641.0,153.0,7301.0,17581.0,5957.0,5804.0,153.0,11624.0,12459.0,1753.0,1753.0,0.0,10706.0,31672.0,1191.0,1102.0,89.0,30481.0,216567.0,173777.0,30743.0,45781.0,32286.0,36121.0,15514.0,6221.0,7111.0,42790.0,16954.0,10302.0,5150.0,4438.0,2833.0,1126.0,1987.0,363800.0
50000US3603,NY,36,3,Congressional District 3,"Congressional District 3, NY",721764.0,347461.0,18738.0,19061.0,24480.0,15279.0,6790.0,3069.0,4329.0,13571.0,18907.0,16516.0,17275.0,22828.0,23606.0,29909.0,26458.0,11043.0,13979.0,9103.0,11017.0,14414.0,10087.0,8537.0,8465.0,374303.0,17150.0,22216.0,23436.0,14461.0,7827.0,3220.0,4233.0,12346.0,17548.0,17494.0,18760.0,24177.0,27709.0,32462.0,26554.0,13315.0,15092.0,8645.0,12423.0,16871.0,13281.0,8992.0,16091.0,721764.0,721764.0,647637.0,497044.0,22376.0,598.0,112954.0,270.0,5259.0,9136.0,1076.0,8060.0,74127.0,45305.0,521.0,494.0,241.0,0.0,23413.0,4153.0,1508.0,2645.0,596683.0,167346.0,341509.0,42881.0,6785.0,38162.0,392945.0,131399.0,201938.0,30385.0,4678.0,24545.0,41438.0,10876.0,23035.0,3852.0,366.0,3309.0,7114.0,2479.0,3470.0,573.0,0.0,592.0,155186.0,22592.0,113066.0,8071.0,1741.0,9716.0,245962.0,7606.0,5926.0,6157.0,7523.0,4565.0,5924.0,6737.0,6222.0,7168.0,12839.0,18355.0,28762.0,26832.0,19882.0,31301.0,50163.0,587027.0,280629.0,17516.0,4110.0,77.0,4033.0,3447.0,586.0,13406.0,7398.0,4201.0,112.0,4089.0,3471.0,618.0,3197.0,13571.0,10216.0,202.0,10014.0,8739.0,1275.0,3355.0,18907.0,17111.0,206.0,16905.0,15594.0,1311.0,1796.0,16516.0,15439.0,26.0,15413.0,14648.0,765.0,1077.0,40103.0,37960.0,0.0,37960.0,37154.0,806.0,2143.0,53515.0,48701.0,0.0,48701.0,47749.0,952.0,4814.0,26458.0,22250.0,0.0,22250.0,21318.0,932.0,4208.0,11043.0,8303.0,0.0,8303.0,7764.0,539.0,2740.0,13979.0,10238.0,0.0,10238.0,9928.0,310.0,3741.0,20120.0,9857.0,9807.0,50.0,10263.0,14414.0,4428.0,4278.0,150.0,9986.0,27089.0,3401.0,3317.0,84.0,23688.0,306398.0,17185.0,4619.0,38.0,4581.0,4204.0,377.0,12566.0,7453.0,3069.0,0.0,3069.0,2640.0,429.0,4384.0,12346.0,8983.0,0.0,8983.0,8226.0,757.0,3363.0,17548.0,14479.0,74.0,14405.0,13606.0,799.0,3069.0,17494.0,13485.0,70.0,13415.0,12593.0,822.0,4009.0,42937.0,31287.0,0.0,31287.0,29940.0,1347.0,11650.0,60171.0,44055.0,46.0,44009.0,42116.0,1893.0,16116.0,26554.0,20298.0,0.0,20298.0,19615.0,683.0,6256.0,13315.0,7948.0,0.0,7948.0,7766.0,182.0,5367.0,15092.0,8070.0,0.0,8070.0,7949.0,121.0,7022.0,21068.0,6499.0,6305.0,194.0,14569.0,16871.0,2861.0,2861.0,0.0,14010.0,38364.0,1997.0,1997.0,0.0,36367.0,245962.0,198803.0,36398.0,65257.0,34680.0,38097.0,15419.0,5920.0,3032.0,47159.0,16166.0,12591.0,8007.0,6896.0,2555.0,617.0,327.0,575600.0
50000US3604,NY,36,4, Congressional District 4,"Congressional District 4, NY",723380.0,352066.0,23056.0,22672.0,24408.0,15330.0,10734.0,4927.0,4174.0,13591.0,22751.0,20831.0,23443.0,21463.0,24620.0,25295.0,24790.0,10058.0,10821.0,8570.0,9157.0,11672.0,7220.0,5779.0,6704.0,371314.0,21229.0,20628.0,22425.0,13804.0,8987.0,5699.0,4817.0,12089.0,22205.0,22410.0,23069.0,24165.0,24627.0,26969.0,26310.0,10063.0,15392.0,7903.0,11821.0,15113.0,9404.0,8717.0,13468.0,723380.0,723380.0,573954.0,406460.0,105537.0,884.0,48429.0,0.0,4578.0,8066.0,2069.0,5997.0,149426.0,63332.0,5074.0,690.0,281.0,0.0,63170.0,16879.0,6624.0,10255.0,588962.0,203778.0,299626.0,39895.0,10130.0,35533.0,381673.0,146329.0,181927.0,23959.0,5231.0,24227.0,37120.0,11441.0,18030.0,3779.0,795.0,3075.0,9922.0,4203.0,4194.0,915.0,101.0,509.0,160247.0,41805.0,95475.0,11242.0,4003.0,7722.0,230222.0,6869.0,5528.0,6900.0,7023.0,6496.0,6111.0,6997.0,6219.0,5558.0,13661.0,18031.0,28176.0,26462.0,21337.0,31441.0,33413.0,579368.0,276764.0,20898.0,4927.0,0.0,4927.0,4117.0,810.0,15971.0,9101.0,5919.0,1.0,5918.0,4820.0,1098.0,3182.0,13591.0,10931.0,140.0,10791.0,10107.0,684.0,2660.0,22751.0,20857.0,189.0,20668.0,19379.0,1289.0,1894.0,20831.0,19206.0,0.0,19206.0,18347.0,859.0,1625.0,44906.0,42357.0,53.0,42304.0,41056.0,1248.0,2549.0,49915.0,45068.0,0.0,45068.0,43278.0,1790.0,4847.0,24790.0,21374.0,0.0,21374.0,20656.0,718.0,3416.0,10058.0,8296.0,0.0,8296.0,8201.0,95.0,1762.0,10821.0,7069.0,0.0,7069.0,6683.0,386.0,3752.0,17727.0,8028.0,7766.0,262.0,9699.0,11672.0,4099.0,3901.0,198.0,7573.0,19703.0,2380.0,2345.0,35.0,17323.0,302604.0,18363.0,5012.0,0.0,5012.0,4160.0,852.0,13351.0,10516.0,5690.0,0.0,5690.0,4887.0,803.0,4826.0,12089.0,9470.0,0.0,9470.0,8791.0,679.0,2619.0,22205.0,17983.0,0.0,17983.0,16996.0,987.0,4222.0,22410.0,17300.0,0.0,17300.0,16488.0,812.0,5110.0,47234.0,38880.0,0.0,38880.0,37341.0,1539.0,8354.0,51596.0,40541.0,0.0,40541.0,38892.0,1649.0,11055.0,26310.0,19350.0,0.0,19350.0,18782.0,568.0,6960.0,10063.0,7380.0,0.0,7380.0,6825.0,555.0,2683.0,15392.0,8096.0,0.0,8096.0,7888.0,208.0,7296.0,19724.0,7940.0,7558.0,382.0,11784.0,15113.0,4327.0,4327.0,0.0,10786.0,31589.0,2021.0,1944.0,77.0,29568.0,230222.0,176920.0,31319.0,51458.0,32964.0,32853.0,16663.0,5271.0,6392.0,53302.0,19090.0,10201.0,8855.0,7880.0,4583.0,1603.0,1090.0,442300.0
50000US3605,NY,36,5, Congressional District 5,"Congressional District 5, NY",779896.0,373875.0,26174.0,22644.0,25561.0,15791.0,10461.0,6722.0,5965.0,17220.0,32771.0,25060.0,23889.0,21481.0,24853.0,25470.0,25643.0,10400.0,13186.0,7456.0,7115.0,10902.0,7250.0,4785.0,3076.0,406021.0,23006.0,22445.0,22956.0,16422.0,9627.0,5545.0,5695.0,17273.0,33200.0,27390.0,24967.0,25768.0,28756.0,32490.0,28704.0,11324.0,12963.0,8098.0,10933.0,12803.0,10480.0,7807.0,7369.0,779896.0,779896.0,615045.0,81102.0,367744.0,1819.0,107031.0,61.0,36232.0,21056.0,9038.0,12018.0,164851.0,57119.0,16581.0,722.0,795.0,0.0,78910.0,10724.0,6935.0,3789.0,637110.0,268765.0,262496.0,49221.0,19934.0,36694.0,258220.0,160521.0,64445.0,16727.0,6845.0,9682.0,38776.0,12199.0,13015.0,4663.0,1906.0,6993.0,16402.0,7398.0,6108.0,1175.0,345.0,1376.0,323712.0,88647.0,178928.0,26656.0,10838.0,18643.0,221213.0,12243.0,8272.0,8895.0,8612.0,9389.0,7541.0,10107.0,10201.0,8835.0,17656.0,23670.0,29930.0,22529.0,14190.0,17098.0,12045.0,625786.0,293715.0,20471.0,4491.0,0.0,4491.0,3225.0,1266.0,15980.0,12687.0,8473.0,0.0,8473.0,6349.0,2124.0,4214.0,17220.0,13006.0,0.0,13006.0,10963.0,2043.0,4214.0,32771.0,27759.0,0.0,27759.0,24756.0,3003.0,5012.0,25060.0,22826.0,0.0,22826.0,20361.0,2465.0,2234.0,45370.0,40490.0,68.0,40422.0,37412.0,3010.0,4880.0,50323.0,43255.0,64.0,43191.0,39945.0,3246.0,7068.0,25643.0,20421.0,0.0,20421.0,18993.0,1428.0,5222.0,10400.0,7048.0,0.0,7048.0,6903.0,145.0,3352.0,13186.0,8107.0,0.0,8107.0,7658.0,449.0,5079.0,14571.0,5831.0,5296.0,535.0,8740.0,10902.0,2392.0,2069.0,323.0,8510.0,15111.0,880.0,880.0,0.0,14231.0,332071.0,20506.0,6464.0,0.0,6464.0,4522.0,1942.0,14042.0,11240.0,6997.0,0.0,6997.0,6231.0,766.0,4243.0,17273.0,12621.0,77.0,12544.0,10983.0,1561.0,4652.0,33200.0,26972.0,0.0,26972.0,24502.0,2470.0,6228.0,27390.0,20181.0,0.0,20181.0,18305.0,1876.0,7209.0,50735.0,39982.0,0.0,39982.0,35630.0,4352.0,10753.0,61246.0,48463.0,0.0,48463.0,45469.0,2994.0,12783.0,28704.0,20307.0,0.0,20307.0,19504.0,803.0,8397.0,11324.0,6846.0,0.0,6846.0,6640.0,206.0,4478.0,12963.0,7419.0,0.0,7419.0,7192.0,227.0,5544.0,19031.0,5466.0,5254.0,212.0,13565.0,12803.0,1397.0,1294.0,103.0,11406.0,25656.0,1167.0,1146.0,21.0,24489.0,221213.0,123488.0,18520.0,27212.0,24008.0,23718.0,15026.0,8196.0,6808.0,97725.0,24207.0,22377.0,19175.0,16486.0,8207.0,4702.0,2571.0,419100.0
50000US3606,NY,36,6, Congressional District 6,"Congressional District 6, NY",744562.0,354991.0,23749.0,20533.0,17753.0,11562.0,6430.0,4403.0,3200.0,12014.0,26777.0,28139.0,25146.0,26219.0,26054.0,27649.0,22518.0,10140.0,12044.0,7189.0,9873.0,11933.0,9714.0,6472.0,5480.0,389571.0,23684.0,20278.0,18276.0,9273.0,5972.0,3669.0,5075.0,13507.0,27970.0,29412.0,29288.0,26871.0,27409.0,26725.0,28139.0,11258.0,13813.0,10040.0,12645.0,12806.0,11990.0,9692.0,11779.0,744562.0,744562.0,606328.0,255434.0,28387.0,1213.0,298968.0,101.0,4952.0,17273.0,1520.0,15753.0,138234.0,74866.0,3825.0,1194.0,1959.0,24.0,48716.0,7650.0,4804.0,2846.0,620289.0,196744.0,329085.0,44677.0,11316.0,38467.0,204694.0,103493.0,70771.0,15874.0,4241.0,10315.0,26078.0,10963.0,10569.0,1423.0,443.0,2680.0,12069.0,4956.0,4989.0,1429.0,134.0,561.0,377448.0,77332.0,242756.0,25951.0,6498.0,24911.0,265193.0,19654.0,10682.0,12586.0,14504.0,10852.0,14147.0,12705.0,8661.0,9161.0,20101.0,26234.0,32162.0,24702.0,14426.0,19264.0,15352.0,612837.0,288973.0,14009.0,3046.0,0.0,3046.0,1679.0,1367.0,10963.0,7603.0,3724.0,76.0,3648.0,2414.0,1234.0,3879.0,12014.0,8327.0,0.0,8327.0,6906.0,1421.0,3687.0,26777.0,22027.0,0.0,22027.0,20322.0,1705.0,4750.0,28139.0,25779.0,0.0,25779.0,24773.0,1006.0,2360.0,51365.0,48783.0,0.0,48783.0,46641.0,2142.0,2582.0,53703.0,48324.0,0.0,48324.0,46577.0,1747.0,5379.0,22518.0,18968.0,0.0,18968.0,18003.0,965.0,3550.0,10140.0,6114.0,0.0,6114.0,5963.0,151.0,4026.0,12044.0,6579.0,0.0,6579.0,6139.0,440.0,5465.0,17062.0,5699.0,5465.0,234.0,11363.0,11933.0,2481.0,2439.0,42.0,9452.0,21666.0,1910.0,1855.0,55.0,19756.0,323864.0,11776.0,3007.0,0.0,3007.0,2023.0,984.0,8769.0,8744.0,4021.0,0.0,4021.0,3891.0,130.0,4723.0,13507.0,8524.0,0.0,8524.0,7536.0,988.0,4983.0,27970.0,20663.0,0.0,20663.0,19388.0,1275.0,7307.0,29412.0,21872.0,0.0,21872.0,20658.0,1214.0,7540.0,56159.0,42121.0,0.0,42121.0,39211.0,2910.0,14038.0,54134.0,40440.0,0.0,40440.0,39155.0,1285.0,13694.0,28139.0,18329.0,0.0,18329.0,17656.0,673.0,9810.0,11258.0,6187.0,0.0,6187.0,5945.0,242.0,5071.0,13813.0,6075.0,0.0,6075.0,5889.0,186.0,7738.0,22685.0,5554.0,5305.0,249.0,17131.0,12806.0,1316.0,1273.0,43.0,11490.0,33461.0,1490.0,1490.0,0.0,31971.0,265193.0,118230.0,27695.0,35188.0,22380.0,18557.0,8669.0,2782.0,2959.0,146963.0,44790.0,42306.0,27775.0,18800.0,8397.0,3074.0,1821.0,559000.0
50000US3607,NY,36,7, Congressional District 7,"Congressional District 7, NY",753292.0,376993.0,29647.0,28741.0,21876.0,14747.0,7273.0,4258.0,4705.0,19288.0,40923.0,36234.0,33858.0,25320.0,23521.0,19122.0,19604.0,6560.0,8245.0,5261.0,5851.0,8322.0,5355.0,4790.0,3492.0,376299.0,28867.0,23876.0,21764.0,11462.0,8513.0,5216.0,4533.0,19623.0,35391.0,33304.0,31472.0,23982.0,24061.0,21157.0,17833.0,9364.0,9493.0,6438.0,7632.0,11465.0,7118.0,7535.0,6200.0,753292.0,753292.0,447925.0,233192.0,56066.0,1026.0,139117.0,208.0,5199.0,13117.0,2102.0,11015.0,305367.0,138521.0,20520.0,2624.0,1053.0,0.0,130468.0,12181.0,6458.0,5723.0,598521.0,266928.0,245137.0,42510.0,17295.0,26651.0,207834.0,131358.0,57793.0,8999.0,4911.0,4773.0,79552.0,46773.0,24391.0,5486.0,1445.0,1457.0,40367.0,12597.0,13590.0,6769.0,2116.0,5295.0,270768.0,76200.0,149363.0,21256.0,8823.0,15126.0,251708.0,27098.0,19484.0,16534.0,13522.0,10487.0,11805.0,9444.0,10654.0,7715.0,13579.0,21933.0,25284.0,17750.0,13156.0,12490.0,20773.0,590218.0,292236.0,17527.0,3348.0,0.0,3348.0,2279.0,1069.0,14179.0,8963.0,4460.0,0.0,4460.0,3608.0,852.0,4503.0,19288.0,15697.0,0.0,15697.0,14105.0,1592.0,3591.0,40923.0,35113.0,0.0,35113.0,32507.0,2606.0,5810.0,36234.0,33186.0,0.0,33186.0,31508.0,1678.0,3048.0,59178.0,53165.0,0.0,53165.0,51183.0,1982.0,6013.0,42643.0,34877.0,0.0,34877.0,33108.0,1769.0,7766.0,19604.0,12898.0,0.0,12898.0,12140.0,758.0,6706.0,6560.0,4186.0,0.0,4186.0,4062.0,124.0,2374.0,8245.0,3478.0,0.0,3478.0,3335.0,143.0,4767.0,11112.0,3853.0,3729.0,124.0,7259.0,8322.0,1147.0,1001.0,146.0,7175.0,13637.0,681.0,681.0,0.0,12956.0,297982.0,16165.0,3728.0,0.0,3728.0,2920.0,808.0,12437.0,9749.0,5713.0,0.0,5713.0,4930.0,783.0,4036.0,19623.0,12348.0,0.0,12348.0,11149.0,1199.0,7275.0,35391.0,28432.0,0.0,28432.0,26195.0,2237.0,6959.0,33304.0,25468.0,0.0,25468.0,23892.0,1576.0,7836.0,55454.0,41744.0,36.0,41708.0,39348.0,2360.0,13710.0,45218.0,30837.0,0.0,30837.0,29235.0,1602.0,14381.0,17833.0,10953.0,0.0,10953.0,10244.0,709.0,6880.0,9364.0,4033.0,0.0,4033.0,3909.0,124.0,5331.0,9493.0,3808.0,0.0,3808.0,3536.0,272.0,5685.0,14070.0,3480.0,3426.0,54.0,10590.0,11465.0,845.0,845.0,0.0,10620.0,20853.0,198.0,198.0,0.0,20655.0,251708.0,55185.0,11694.0,16330.0,8737.0,8559.0,4913.0,2349.0,2603.0,196523.0,55041.0,56884.0,32920.0,23563.0,13900.0,6812.0,7403.0,663000.0
50000US3608,NY,36,8, Congressional District 8,"Congressional District 8, NY",769795.0,349775.0,26909.0,21639.0,21676.0,14180.0,8876.0,5945.0,5887.0,16908.0,32537.0,27946.0,23785.0,20083.0,23003.0,22687.0,21420.0,8091.0,10659.0,5605.0,8547.0,8033.0,6550.0,3635.0,5174.0,420020.0,25347.0,21698.0,22845.0,14815.0,8471.0,6679.0,6618.0,16785.0,38290.0,32864.0,28001.0,25675.0,28509.0,26781.0,28812.0,11124.0,15031.0,9207.0,10187.0,12967.0,10921.0,8715.0,9678.0,769795.0,769795.0,631867.0,183275.0,385520.0,1372.0,46251.0,138.0,3895.0,11416.0,997.0,10419.0,137928.0,55410.0,20083.0,696.0,401.0,0.0,55216.0,6122.0,3763.0,2359.0,629681.0,306795.0,209188.0,52264.0,23481.0,37953.0,277620.0,183499.0,56748.0,18199.0,8048.0,11126.0,73617.0,39020.0,19580.0,6328.0,2896.0,5793.0,24611.0,10831.0,7607.0,2561.0,1731.0,1881.0,253833.0,73445.0,125253.0,25176.0,10806.0,19153.0,278959.0,37075.0,19877.0,15890.0,13430.0,12970.0,13872.0,11535.0,10749.0,8273.0,19535.0,21274.0,29575.0,22536.0,13107.0,15809.0,13452.0,621263.0,276003.0,19508.0,3001.0,0.0,3001.0,1923.0,1078.0,16507.0,11832.0,6940.0,0.0,6940.0,5155.0,1785.0,4892.0,16908.0,11548.0,139.0,11409.0,8674.0,2735.0,5360.0,32537.0,26184.0,0.0,26184.0,23872.0,2312.0,6353.0,27946.0,23943.0,91.0,23852.0,22282.0,1570.0,4003.0,43868.0,38118.0,0.0,38118.0,35523.0,2595.0,5750.0,45690.0,37594.0,0.0,37594.0,34339.0,3255.0,8096.0,21420.0,15863.0,0.0,15863.0,14732.0,1131.0,5557.0,8091.0,5190.0,0.0,5190.0,4734.0,456.0,2901.0,10659.0,5657.0,0.0,5657.0,4966.0,691.0,5002.0,14152.0,5087.0,4476.0,611.0,9065.0,8033.0,1034.0,969.0,65.0,6999.0,15359.0,820.0,777.0,43.0,14539.0,345260.0,18416.0,3085.0,0.0,3085.0,1954.0,1131.0,15331.0,13297.0,6427.0,0.0,6427.0,5363.0,1064.0,6870.0,16785.0,12189.0,62.0,12127.0,10627.0,1500.0,4596.0,38290.0,30709.0,0.0,30709.0,27794.0,2915.0,7581.0,32864.0,27768.0,97.0,27671.0,25220.0,2451.0,5096.0,53676.0,41783.0,0.0,41783.0,38077.0,3706.0,11893.0,55290.0,42609.0,0.0,42609.0,40289.0,2320.0,12681.0,28812.0,19390.0,0.0,19390.0,18531.0,859.0,9422.0,11124.0,6447.0,0.0,6447.0,5943.0,504.0,4677.0,15031.0,6690.0,0.0,6690.0,6243.0,447.0,8341.0,19394.0,4846.0,4727.0,119.0,14548.0,12967.0,1359.0,1331.0,28.0,11608.0,29314.0,730.0,730.0,0.0,28584.0,278959.0,88805.0,18017.0,24928.0,16595.0,14136.0,8627.0,3063.0,3439.0,190154.0,68832.0,53413.0,30302.0,19832.0,10347.0,4578.0,2850.0,530700.0
50000US3609,NY,36,9, Congressional District 9,"Congressional District 9, NY",759225.0,349195.0,26396.0,24305.0,21894.0,13674.0,7529.0,5020.0,4382.0,15556.0,31073.0,29105.0,25402.0,22618.0,22122.0,20993.0,21850.0,6624.0,9295.0,7733.0,8706.0,9324.0,7001.0,3933.0,4660.0,410030.0,24207.0,21805.0,23285.0,14168.0,7312.0,4413.0,4545.0,18787.0,35763.0,32421.0,29104.0,28763.0,27096.0,28928.0,26527.0,10316.0,13105.0,7673.0,11032.0,13137.0,11383.0,7435.0,8825.0,759225.0,759225.0,665317.0,236761.0,358633.0,386.0,51400.0,0.0,3569.0,14568.0,1418.0,13150.0,93908.0,28517.0,18713.0,1133.0,562.0,0.0,41054.0,3929.0,1683.0,2246.0,617333.0,284639.0,230519.0,47141.0,21142.0,33892.0,222733.0,146065.0,55395.0,10477.0,3344.0,7452.0,77538.0,38251.0,28657.0,4934.0,2341.0,3355.0,17754.0,8794.0,5206.0,2197.0,532.0,1025.0,299308.0,91529.0,141261.0,29533.0,14925.0,22060.0,281787.0,28475.0,17091.0,15494.0,13321.0,13598.0,14658.0,12933.0,10967.0,11010.0,19018.0,27344.0,28822.0,22636.0,12248.0,16328.0,17844.0,608459.0,272279.0,16882.0,2324.0,0.0,2324.0,1283.0,1041.0,14558.0,9402.0,4531.0,0.0,4531.0,3333.0,1198.0,4871.0,15556.0,10041.0,0.0,10041.0,8633.0,1408.0,5515.0,31073.0,25039.0,0.0,25039.0,22950.0,2089.0,6034.0,29105.0,25582.0,44.0,25538.0,24030.0,1508.0,3523.0,48020.0,42304.0,0.0,42304.0,39957.0,2347.0,5716.0,43115.0,36966.0,0.0,36966.0,34268.0,2698.0,6149.0,21850.0,17024.0,0.0,17024.0,15367.0,1657.0,4826.0,6624.0,4875.0,0.0,4875.0,4417.0,458.0,1749.0,9295.0,6202.0,0.0,6202.0,5749.0,453.0,3093.0,16439.0,6046.0,5788.0,258.0,10393.0,9324.0,1778.0,1687.0,91.0,7546.0,15594.0,1708.0,1708.0,0.0,13886.0,336180.0,16927.0,3261.0,0.0,3261.0,2713.0,548.0,13666.0,8958.0,5139.0,0.0,5139.0,4157.0,982.0,3819.0,18787.0,13606.0,0.0,13606.0,12086.0,1520.0,5181.0,35763.0,28289.0,0.0,28289.0,26921.0,1368.0,7474.0,32421.0,26151.0,0.0,26151.0,24446.0,1705.0,6270.0,57867.0,45010.0,0.0,45010.0,42311.0,2699.0,12857.0,56024.0,42675.0,0.0,42675.0,40705.0,1970.0,13349.0,26527.0,18702.0,0.0,18702.0,17389.0,1313.0,7825.0,10316.0,7337.0,0.0,7337.0,7000.0,337.0,2979.0,13105.0,7898.0,0.0,7898.0,7446.0,452.0,5207.0,18705.0,6624.0,6456.0,168.0,12081.0,13137.0,2061.0,1886.0,175.0,11076.0,27643.0,1275.0,1232.0,43.0,26368.0,281787.0,80208.0,18032.0,22951.0,14497.0,11651.0,6206.0,3359.0,3512.0,201579.0,67463.0,59951.0,34138.0,21571.0,11676.0,3700.0,3080.0,582700.0
50000US3610,NY,36,10, Congressional District 10,"Congressional District 10, NY",728323.0,350684.0,24153.0,18204.0,16649.0,9543.0,7907.0,5037.0,4388.0,13404.0,33922.0,36384.0,27946.0,24946.0,24673.0,23106.0,20100.0,7249.0,11060.0,5622.0,9534.0,9489.0,7260.0,5102.0,5006.0,377639.0,25498.0,19508.0,16855.0,7589.0,7996.0,4501.0,5287.0,16474.0,36894.0,40170.0,30377.0,22250.0,20058.0,18933.0,23131.0,10414.0,11101.0,9311.0,12479.0,13314.0,8684.0,6671.0,10144.0,728323.0,728323.0,639688.0,445411.0,31461.0,2468.0,141802.0,13.0,3352.0,15181.0,787.0,14394.0,88635.0,46380.0,2196.0,1227.0,758.0,32.0,34130.0,3912.0,1670.0,2242.0,607456.0,273188.0,255051.0,43416.0,10056.0,25745.0,208031.0,103412.0,77747.0,16306.0,2930.0,7636.0,153073.0,89716.0,47364.0,9680.0,1445.0,4868.0,18863.0,8243.0,7075.0,1545.0,553.0,1447.0,227489.0,71817.0,122865.0,15885.0,5128.0,11794.0,311921.0,21266.0,13683.0,13214.0,12204.0,10343.0,11937.0,9819.0,7313.0,7432.0,16590.0,21103.0,29845.0,29559.0,18550.0,26771.0,62292.0,601127.0,287552.0,13324.0,1389.0,0.0,1389.0,838.0,551.0,11935.0,9425.0,3535.0,0.0,3535.0,3053.0,482.0,5890.0,13404.0,8797.0,0.0,8797.0,7770.0,1027.0,4607.0,33922.0,28982.0,0.0,28982.0,28205.0,777.0,4940.0,36384.0,34845.0,0.0,34845.0,33494.0,1351.0,1539.0,52892.0,49920.0,0.0,49920.0,47912.0,2008.0,2972.0,47779.0,42243.0,0.0,42243.0,39880.0,2363.0,5536.0,20100.0,15588.0,0.0,15588.0,15161.0,427.0,4512.0,7249.0,5539.0,0.0,5539.0,5471.0,68.0,1710.0,11060.0,7779.0,0.0,7779.0,7329.0,450.0,3281.0,15156.0,7941.0,7632.0,309.0,7215.0,9489.0,3410.0,3224.0,186.0,6079.0,17368.0,2843.0,2589.0,254.0,14525.0,313575.0,13382.0,2239.0,0.0,2239.0,1968.0,271.0,11143.0,9788.0,3790.0,0.0,3790.0,3015.0,775.0,5998.0,16474.0,11190.0,0.0,11190.0,10569.0,621.0,5284.0,36894.0,28666.0,0.0,28666.0,26897.0,1769.0,8228.0,40170.0,32991.0,0.0,32991.0,31328.0,1663.0,7179.0,52627.0,42588.0,0.0,42588.0,40945.0,1643.0,10039.0,38991.0,28871.0,0.0,28871.0,27347.0,1524.0,10120.0,23131.0,17960.0,0.0,17960.0,17014.0,946.0,5171.0,10414.0,6397.0,0.0,6397.0,5935.0,462.0,4017.0,11101.0,5831.0,0.0,5831.0,5633.0,198.0,5270.0,21790.0,7142.0,6127.0,1015.0,14648.0,13314.0,3234.0,3100.0,134.0,10080.0,25499.0,2180.0,1912.0,268.0,23319.0,311921.0,94570.0,35636.0,29091.0,10498.0,9014.0,5667.0,2134.0,2530.0,217351.0,100433.0,62057.0,23827.0,16988.0,6812.0,3669.0,3565.0,877700.0
50000US3611,NY,36,11, Congressional District 11,"Congressional District 11, NY",721433.0,348721.0,23687.0,22700.0,19732.0,13046.0,7334.0,3237.0,4735.0,13210.0,28177.0,25805.0,21332.0,24975.0,23053.0,24585.0,23374.0,8825.0,13519.0,6912.0,10868.0,11457.0,9328.0,5359.0,3471.0,372712.0,23343.0,18467.0,22176.0,12353.0,6951.0,3975.0,5619.0,13524.0,27193.0,25815.0,24228.0,22989.0,25063.0,26417.0,27227.0,10611.0,12984.0,7948.0,12660.0,14289.0,10489.0,8299.0,10092.0,721433.0,721433.0,597815.0,434145.0,50959.0,900.0,98316.0,313.0,1823.0,11359.0,1362.0,9997.0,123618.0,79389.0,6307.0,1357.0,1045.0,0.0,30070.0,5450.0,2680.0,2770.0,591328.0,193110.0,306650.0,43164.0,10191.0,38213.0,332799.0,136347.0,149543.0,22933.0,4105.0,19871.0,32257.0,14043.0,13342.0,2491.0,260.0,2121.0,13562.0,3629.0,6297.0,2035.0,349.0,1252.0,212710.0,39091.0,137468.0,15705.0,5477.0,14969.0,259983.0,24458.0,10983.0,11675.0,10366.0,9570.0,9510.0,9342.0,8099.0,7901.0,16472.0,25497.0,32081.0,26698.0,18974.0,20848.0,17509.0,583528.0,278735.0,16513.0,3199.0,25.0,3174.0,2037.0,1137.0,13314.0,7972.0,3924.0,37.0,3887.0,2777.0,1110.0,4048.0,13210.0,8542.0,0.0,8542.0,7021.0,1521.0,4668.0,28177.0,23120.0,0.0,23120.0,20967.0,2153.0,5057.0,25805.0,22950.0,116.0,22834.0,22144.0,690.0,2855.0,46307.0,41673.0,94.0,41579.0,39710.0,1869.0,4634.0,47638.0,38162.0,0.0,38162.0,36463.0,1699.0,9476.0,23374.0,18491.0,50.0,18441.0,17191.0,1250.0,4883.0,8825.0,5888.0,0.0,5888.0,5758.0,130.0,2937.0,13519.0,6879.0,0.0,6879.0,6713.0,166.0,6640.0,17780.0,6133.0,6028.0,105.0,11647.0,11457.0,2202.0,2105.0,97.0,9255.0,18158.0,1402.0,1288.0,114.0,16756.0,304793.0,15371.0,3364.0,0.0,3364.0,2707.0,657.0,12007.0,9594.0,4280.0,0.0,4280.0,4115.0,165.0,5314.0,13524.0,8299.0,0.0,8299.0,7721.0,578.0,5225.0,27193.0,20458.0,25.0,20433.0,18868.0,1565.0,6735.0,25815.0,19155.0,0.0,19155.0,17952.0,1203.0,6660.0,47217.0,33429.0,0.0,33429.0,32010.0,1419.0,13788.0,51480.0,35718.0,51.0,35667.0,33958.0,1709.0,15762.0,27227.0,18396.0,0.0,18396.0,17528.0,868.0,8831.0,10611.0,6255.0,0.0,6255.0,5934.0,321.0,4356.0,12984.0,5341.0,0.0,5341.0,5251.0,90.0,7643.0,20608.0,5096.0,4964.0,132.0,15512.0,14289.0,1414.0,1414.0,0.0,12875.0,28880.0,549.0,549.0,0.0,28331.0,259983.0,150673.0,25971.0,44293.0,29584.0,30018.0,12273.0,6068.0,2466.0,109310.0,37500.0,28800.0,16683.0,15551.0,6088.0,3678.0,1010.0,486700.0
50000US3612,NY,36,12, Congressional District 12,"Congressional District 12, NY",733946.0,352827.0,18629.0,11285.0,10299.0,4606.0,6581.0,2312.0,2174.0,15399.0,42938.0,42187.0,37641.0,24477.0,23637.0,23234.0,22801.0,7913.0,8902.0,7172.0,9486.0,11975.0,7351.0,5501.0,6327.0,381119.0,14924.0,11865.0,9348.0,6508.0,10989.0,4074.0,5125.0,16960.0,61854.0,42600.0,30341.0,26791.0,19807.0,23274.0,19216.0,8147.0,9626.0,7470.0,10795.0,13322.0,10323.0,7371.0,10389.0,733946.0,733946.0,634154.0,476668.0,30611.0,839.0,104159.0,258.0,2461.0,19158.0,2093.0,17065.0,99792.0,60011.0,5551.0,606.0,292.0,0.0,26776.0,6556.0,3265.0,3291.0,657596.0,324572.0,240661.0,52611.0,11905.0,27847.0,237928.0,119287.0,81998.0,19044.0,4359.0,13240.0,201865.0,123125.0,60390.0,13634.0,1228.0,3488.0,17709.0,9538.0,4499.0,1410.0,1066.0,1196.0,200094.0,72622.0,93774.0,18523.0,5252.0,9923.0,364088.0,23959.0,10328.0,11738.0,11773.0,6982.0,7699.0,10181.0,7888.0,9366.0,18650.0,31544.0,38453.0,31940.0,23002.0,36096.0,84489.0,653961.0,311197.0,9770.0,1959.0,0.0,1959.0,1302.0,657.0,7811.0,4486.0,1910.0,0.0,1910.0,1557.0,353.0,2576.0,15399.0,12795.0,0.0,12795.0,12173.0,622.0,2604.0,42938.0,38754.0,0.0,38754.0,37181.0,1573.0,4184.0,42187.0,39139.0,45.0,39094.0,36759.0,2335.0,3048.0,62118.0,58286.0,87.0,58199.0,55976.0,2223.0,3832.0,46871.0,40484.0,0.0,40484.0,38998.0,1486.0,6387.0,22801.0,18078.0,0.0,18078.0,17036.0,1042.0,4723.0,7913.0,5304.0,0.0,5304.0,5145.0,159.0,2609.0,8902.0,5451.0,0.0,5451.0,5079.0,372.0,3451.0,16658.0,8104.0,7366.0,738.0,8554.0,11975.0,5073.0,5073.0,0.0,6902.0,19179.0,4808.0,4808.0,0.0,14371.0,342764.0,15279.0,1860.0,0.0,1860.0,1666.0,194.0,13419.0,9199.0,2756.0,0.0,2756.0,2312.0,444.0,6443.0,16960.0,13516.0,0.0,13516.0,12989.0,527.0,3444.0,61854.0,56399.0,0.0,56399.0,55329.0,1070.0,5455.0,42600.0,37988.0,0.0,37988.0,36589.0,1399.0,4612.0,57132.0,46699.0,0.0,46699.0,45100.0,1599.0,10433.0,43081.0,33235.0,0.0,33235.0,31496.0,1739.0,9846.0,19216.0,13894.0,0.0,13894.0,13197.0,697.0,5322.0,8147.0,5056.0,0.0,5056.0,4569.0,487.0,3091.0,9626.0,6265.0,0.0,6265.0,6155.0,110.0,3361.0,18265.0,6576.0,6576.0,0.0,11689.0,13322.0,3233.0,3233.0,0.0,10089.0,28083.0,1929.0,1827.0,102.0,26154.0,364088.0,103788.0,44624.0,36297.0,11266.0,8608.0,2335.0,437.0,221.0,260300.0,131611.0,83426.0,26240.0,12405.0,4280.0,1656.0,682.0,857600.0
50000US3613,NY,36,13, Congressional District 13,"Congressional District 13, NY",790434.0,374133.0,27618.0,21016.0,23241.0,13240.0,7871.0,5685.0,6646.0,20773.0,45258.0,37056.0,24070.0,24272.0,21278.0,25525.0,18914.0,7126.0,13019.0,5277.0,5027.0,8567.0,5730.0,3755.0,3169.0,416301.0,26970.0,19755.0,20160.0,13296.0,6554.0,5392.0,5673.0,20217.0,43837.0,39071.0,31094.0,24106.0,27372.0,28260.0,24868.0,9727.0,14903.0,7702.0,9650.0,12287.0,9132.0,6983.0,9292.0,790434.0,790434.0,360217.0,117098.0,189714.0,265.0,33199.0,357.0,2002.0,17582.0,1938.0,15644.0,430217.0,102353.0,37681.0,3983.0,862.0,154.0,252371.0,32813.0,15287.0,17526.0,651674.0,342239.0,178474.0,67601.0,34190.0,29170.0,251937.0,173692.0,45514.0,17321.0,9709.0,5701.0,92086.0,53294.0,22081.0,7775.0,3500.0,5436.0,33873.0,13704.0,7276.0,7075.0,1514.0,4304.0,273778.0,101549.0,103603.0,35430.0,19467.0,13729.0,285665.0,41811.0,26796.0,18741.0,14003.0,16146.0,14628.0,12344.0,11686.0,9543.0,20974.0,25944.0,25535.0,18330.0,9841.0,9466.0,9877.0,641648.0,296945.0,15798.0,4626.0,0.0,4626.0,2678.0,1948.0,11172.0,12331.0,8154.0,0.0,8154.0,6546.0,1608.0,4177.0,20773.0,15121.0,0.0,15121.0,11408.0,3713.0,5652.0,45258.0,39557.0,0.0,39557.0,34149.0,5408.0,5701.0,37056.0,33362.0,0.0,33362.0,30089.0,3273.0,3694.0,48342.0,41208.0,0.0,41208.0,39027.0,2181.0,7134.0,46803.0,37765.0,0.0,37765.0,35001.0,2764.0,9038.0,18914.0,11720.0,0.0,11720.0,10592.0,1128.0,7194.0,7126.0,4267.0,0.0,4267.0,4214.0,53.0,2859.0,13019.0,6146.0,0.0,6146.0,5877.0,269.0,6873.0,10304.0,3467.0,3234.0,233.0,6837.0,8567.0,657.0,657.0,0.0,7910.0,12654.0,789.0,789.0,0.0,11865.0,344703.0,15137.0,3345.0,0.0,3345.0,1619.0,1726.0,11792.0,11065.0,7338.0,0.0,7338.0,5941.0,1397.0,3727.0,20217.0,15186.0,0.0,15186.0,13475.0,1711.0,5031.0,43837.0,35582.0,32.0,35550.0,32464.0,3086.0,8255.0,39071.0,30751.0,0.0,30751.0,28192.0,2559.0,8320.0,55200.0,41386.0,0.0,41386.0,36803.0,4583.0,13814.0,55632.0,40636.0,0.0,40636.0,36471.0,4165.0,14996.0,24868.0,15769.0,0.0,15769.0,14826.0,943.0,9099.0,9727.0,4779.0,0.0,4779.0,4629.0,150.0,4948.0,14903.0,6954.0,0.0,6954.0,6559.0,395.0,7949.0,17352.0,4441.0,3835.0,606.0,12911.0,12287.0,1026.0,956.0,70.0,11261.0,25407.0,887.0,887.0,0.0,24520.0,285665.0,26936.0,10344.0,7990.0,4238.0,2796.0,1131.0,174.0,263.0,258729.0,90764.0,71448.0,43110.0,27530.0,14328.0,6376.0,5173.0,429600.0
50000US3614,NY,36,14, Congressional District 14,"Congressional District 14, NY",720690.0,360176.0,23464.0,20406.0,21374.0,10962.0,7560.0,4643.0,3623.0,17081.0,31205.0,32467.0,30729.0,29752.0,25365.0,24834.0,20948.0,9413.0,9623.0,5718.0,7957.0,8035.0,7604.0,4890.0,2523.0,360514.0,22787.0,19191.0,18138.0,12684.0,7489.0,4082.0,5013.0,16632.0,28522.0,29943.0,27227.0,25601.0,22398.0,24673.0,22583.0,8310.0,10221.0,7447.0,9879.0,11593.0,9692.0,7559.0,8850.0,720690.0,720690.0,378205.0,166040.0,69884.0,1066.0,127013.0,203.0,3452.0,10547.0,924.0,9623.0,342485.0,151148.0,8391.0,4156.0,1156.0,0.0,165801.0,11833.0,5591.0,6242.0,595330.0,257438.0,241254.0,46520.0,18245.0,31873.0,211897.0,127996.0,54112.0,14349.0,5756.0,9684.0,33973.0,18549.0,10028.0,2735.0,967.0,1694.0,28578.0,9611.0,12716.0,2573.0,1134.0,2544.0,320882.0,101282.0,164398.0,26863.0,10388.0,17951.0,242909.0,17040.0,12586.0,14499.0,10894.0,10889.0,14417.0,12577.0,10175.0,11768.0,19985.0,28982.0,27635.0,20366.0,12079.0,11283.0,7734.0,587905.0,291449.0,15039.0,3279.0,0.0,3279.0,1912.0,1367.0,11760.0,8266.0,4466.0,0.0,4466.0,3567.0,899.0,3800.0,17081.0,11975.0,0.0,11975.0,10138.0,1837.0,5106.0,31205.0,26729.0,0.0,26729.0,25454.0,1275.0,4476.0,32467.0,29484.0,41.0,29443.0,28372.0,1071.0,2983.0,60481.0,55511.0,40.0,55471.0,53060.0,2411.0,4970.0,50199.0,42391.0,0.0,42391.0,40853.0,1538.0,7808.0,20948.0,16324.0,0.0,16324.0,15352.0,972.0,4624.0,9413.0,7469.0,0.0,7469.0,7246.0,223.0,1944.0,9623.0,5554.0,0.0,5554.0,5163.0,391.0,4069.0,13675.0,5123.0,4995.0,128.0,8552.0,8035.0,1144.0,1101.0,43.0,6891.0,15017.0,1027.0,1027.0,0.0,13990.0,296456.0,16231.0,3074.0,0.0,3074.0,1989.0,1085.0,13157.0,9095.0,5591.0,0.0,5591.0,4697.0,894.0,3504.0,16632.0,11647.0,0.0,11647.0,10647.0,1000.0,4985.0,28522.0,22725.0,106.0,22619.0,20628.0,1991.0,5797.0,29943.0,21548.0,0.0,21548.0,20274.0,1274.0,8395.0,52828.0,38769.0,0.0,38769.0,35477.0,3292.0,14059.0,47071.0,31762.0,0.0,31762.0,30230.0,1532.0,15309.0,22583.0,13971.0,0.0,13971.0,13246.0,725.0,8612.0,8310.0,5371.0,0.0,5371.0,5371.0,0.0,2939.0,10221.0,4569.0,0.0,4569.0,4446.0,123.0,5652.0,17326.0,4621.0,4065.0,556.0,12705.0,11593.0,1085.0,1085.0,0.0,10508.0,26101.0,706.0,706.0,0.0,25395.0,242909.0,76006.0,18993.0,21902.0,13444.0,11376.0,5200.0,2810.0,2281.0,166903.0,49622.0,42959.0,28535.0,23702.0,12549.0,5465.0,4071.0,480300.0
50000US3615,NY,36,15, Congressional District 15,"Congressional District 15, NY",762550.0,356939.0,32574.0,29540.0,30241.0,16660.0,12152.0,8507.0,7018.0,17816.0,32184.0,26997.0,20809.0,19206.0,22687.0,20118.0,19416.0,5468.0,8078.0,4272.0,5945.0,6312.0,6736.0,2435.0,1768.0,405611.0,28682.0,27740.0,30404.0,17307.0,13089.0,6408.0,7296.0,19161.0,35860.0,30271.0,28452.0,22774.0,29076.0,25504.0,22053.0,7987.0,8851.0,7731.0,7861.0,11317.0,7935.0,4255.0,5597.0,762550.0,762550.0,258896.0,23845.0,210596.0,2146.0,13079.0,0.0,2793.0,6437.0,179.0,6258.0,503654.0,84311.0,25818.0,1770.0,185.0,0.0,375893.0,15677.0,7627.0,8050.0,583369.0,307898.0,172749.0,46987.0,32241.0,23494.0,235688.0,176015.0,35389.0,12323.0,6786.0,5175.0,30169.0,16096.0,6028.0,2264.0,2108.0,3673.0,54023.0,21628.0,14609.0,7933.0,4220.0,5633.0,263489.0,94159.0,116723.0,24467.0,19127.0,9013.0,253192.0,54243.0,25723.0,22601.0,19402.0,17878.0,13082.0,12217.0,11942.0,8748.0,16420.0,17099.0,16471.0,6945.0,4361.0,3453.0,2607.0,572738.0,260052.0,24280.0,4432.0,0.0,4432.0,2084.0,2348.0,19848.0,15525.0,9022.0,0.0,9022.0,5857.0,3165.0,6503.0,17816.0,11797.0,0.0,11797.0,9512.0,2285.0,6019.0,32184.0,26584.0,0.0,26584.0,24018.0,2566.0,5600.0,26997.0,22918.0,0.0,22918.0,20489.0,2429.0,4079.0,40015.0,31630.0,0.0,31630.0,29566.0,2064.0,8385.0,42805.0,32750.0,129.0,32621.0,30123.0,2498.0,10055.0,19416.0,11059.0,0.0,11059.0,10254.0,805.0,8357.0,5468.0,2922.0,0.0,2922.0,2876.0,46.0,2546.0,8078.0,2817.0,0.0,2817.0,2554.0,263.0,5261.0,10217.0,2430.0,2067.0,363.0,7787.0,6312.0,735.0,735.0,0.0,5577.0,10939.0,735.0,735.0,0.0,10204.0,312686.0,24297.0,5151.0,0.0,5151.0,3872.0,1279.0,19146.0,13704.0,7814.0,62.0,7752.0,6264.0,1488.0,5890.0,19161.0,13305.0,0.0,13305.0,10841.0,2464.0,5856.0,35860.0,25261.0,0.0,25261.0,20891.0,4370.0,10599.0,30271.0,21001.0,36.0,20965.0,18991.0,1974.0,9270.0,51226.0,36161.0,0.0,36161.0,33474.0,2687.0,15065.0,54580.0,35651.0,0.0,35651.0,33259.0,2392.0,18929.0,22053.0,12251.0,0.0,12251.0,11835.0,416.0,9802.0,7987.0,3497.0,0.0,3497.0,3089.0,408.0,4490.0,8851.0,2370.0,0.0,2370.0,2167.0,203.0,6481.0,15592.0,2637.0,2346.0,291.0,12955.0,11317.0,680.0,680.0,0.0,10637.0,17787.0,432.0,432.0,0.0,17355.0,253192.0,22598.0,4486.0,5444.0,5152.0,3224.0,2720.0,876.0,696.0,230594.0,70041.0,51784.0,42387.0,33553.0,17445.0,8065.0,7319.0,363000.0
50000US3616,NY,36,16, Congressional District 16,"Congressional District 16, NY",748723.0,355924.0,23677.0,25388.0,23751.0,15529.0,10335.0,4831.0,5331.0,15391.0,22376.0,21442.0,19725.0,24854.0,25954.0,26469.0,21990.0,7735.0,11911.0,6284.0,10787.0,11569.0,9656.0,5256.0,5683.0,392799.0,24450.0,21494.0,23251.0,13499.0,9659.0,4232.0,4983.0,15321.0,21363.0,22563.0,28465.0,28015.0,27174.0,27378.0,26157.0,9193.0,14143.0,8305.0,11661.0,14345.0,13743.0,9690.0,13715.0,748723.0,748723.0,562678.0,279193.0,227425.0,886.0,37433.0,145.0,7823.0,9773.0,1233.0,8540.0,186045.0,80644.0,20670.0,2472.0,273.0,91.0,66491.0,15404.0,6639.0,8765.0,606712.0,239836.0,252619.0,58830.0,19029.0,36398.0,291205.0,150690.0,93879.0,25281.0,6331.0,15024.0,65725.0,19857.0,30969.0,7563.0,828.0,6508.0,27694.0,9814.0,9873.0,3194.0,1807.0,3006.0,222088.0,59475.0,117898.0,22792.0,10063.0,11860.0,261213.0,21662.0,11919.0,12152.0,10151.0,11978.0,8689.0,8734.0,8803.0,9771.0,16934.0,22373.0,27404.0,22666.0,16331.0,19511.0,32135.0,596776.0,277143.0,19899.0,4635.0,0.0,4635.0,3058.0,1577.0,15264.0,10162.0,5594.0,0.0,5594.0,3783.0,1811.0,4568.0,15391.0,12790.0,0.0,12790.0,11327.0,1463.0,2601.0,22376.0,18537.0,37.0,18500.0,16264.0,2236.0,3839.0,21442.0,19093.0,0.0,19093.0,17792.0,1301.0,2349.0,44579.0,40962.0,0.0,40962.0,38842.0,2120.0,3617.0,52423.0,44458.0,0.0,44458.0,42418.0,2040.0,7965.0,21990.0,17677.0,0.0,17677.0,17065.0,612.0,4313.0,7735.0,5559.0,0.0,5559.0,5224.0,335.0,2176.0,11911.0,7460.0,0.0,7460.0,7003.0,457.0,4451.0,17071.0,7512.0,7196.0,316.0,9559.0,11569.0,3470.0,3451.0,19.0,8099.0,20595.0,3358.0,3245.0,113.0,17237.0,319633.0,19187.0,5589.0,0.0,5589.0,3349.0,2240.0,13598.0,9215.0,5898.0,0.0,5898.0,5369.0,529.0,3317.0,15321.0,12123.0,0.0,12123.0,10515.0,1608.0,3198.0,21363.0,16476.0,0.0,16476.0,15417.0,1059.0,4887.0,22563.0,17430.0,0.0,17430.0,15862.0,1568.0,5133.0,56480.0,45190.0,0.0,45190.0,42128.0,3062.0,11290.0,54552.0,42183.0,0.0,42183.0,39385.0,2798.0,12369.0,26157.0,19699.0,0.0,19699.0,18976.0,723.0,6458.0,9193.0,6059.0,0.0,6059.0,5879.0,180.0,3134.0,14143.0,7997.0,0.0,7997.0,7651.0,346.0,6146.0,19966.0,7379.0,7269.0,110.0,12587.0,14345.0,2784.0,2717.0,67.0,11561.0,37148.0,1553.0,1553.0,0.0,35595.0,261213.0,127623.0,29937.0,37412.0,22335.0,22281.0,10569.0,2501.0,2588.0,133590.0,49932.0,30657.0,20948.0,18655.0,6948.0,4779.0,1671.0,435500.0
50000US3617,NY,36,17, Congressional District 17,"Congressional District 17, NY",742551.0,365104.0,23816.0,25381.0,26550.0,17394.0,9897.0,4325.0,5061.0,14474.0,23047.0,21377.0,23963.0,22606.0,24623.0,26302.0,26655.0,9300.0,12429.0,6673.0,9185.0,12053.0,9205.0,5548.0,5240.0,377447.0,22425.0,24077.0,25863.0,15434.0,9045.0,5385.0,3891.0,14905.0,21407.0,21132.0,20712.0,21202.0,26983.0,28548.0,27994.0,9605.0,13411.0,7794.0,11016.0,14374.0,11562.0,8232.0,12450.0,742551.0,742551.0,577515.0,442562.0,71969.0,1123.0,46012.0,104.0,2916.0,12829.0,1322.0,11507.0,165036.0,74537.0,6050.0,1272.0,341.0,59.0,71632.0,11145.0,7002.0,4143.0,594439.0,200290.0,305467.0,46995.0,11095.0,30592.0,344257.0,138311.0,159786.0,26048.0,4223.0,15889.0,70573.0,20964.0,36929.0,6826.0,1099.0,4755.0,11662.0,4649.0,5280.0,804.0,286.0,643.0,167947.0,36366.0,103472.0,13317.0,5487.0,9305.0,245245.0,10567.0,7747.0,9319.0,9576.0,8562.0,7860.0,6952.0,8783.0,5572.0,12815.0,18525.0,26863.0,26537.0,19684.0,26045.0,39838.0,581668.0,282762.0,20696.0,6254.0,0.0,6254.0,4987.0,1267.0,14442.0,9386.0,5146.0,0.0,5146.0,4117.0,1029.0,4240.0,14474.0,11245.0,0.0,11245.0,10478.0,767.0,3229.0,23047.0,20474.0,20.0,20454.0,18617.0,1837.0,2573.0,21377.0,19924.0,37.0,19887.0,18413.0,1474.0,1453.0,46569.0,43577.0,97.0,43480.0,41489.0,1991.0,2992.0,50925.0,46110.0,0.0,46110.0,44488.0,1622.0,4815.0,26655.0,22522.0,0.0,22522.0,21369.0,1153.0,4133.0,9300.0,7302.0,0.0,7302.0,7040.0,262.0,1998.0,12429.0,8486.0,0.0,8486.0,7900.0,586.0,3943.0,15858.0,6375.0,5939.0,436.0,9483.0,12053.0,4112.0,3718.0,394.0,7941.0,19993.0,2871.0,2359.0,512.0,17122.0,298906.0,18303.0,7197.0,0.0,7197.0,5874.0,1323.0,11106.0,9276.0,5597.0,0.0,5597.0,4871.0,726.0,3679.0,14905.0,12173.0,0.0,12173.0,11464.0,709.0,2732.0,21407.0,18412.0,0.0,18412.0,17526.0,886.0,2995.0,21132.0,16510.0,0.0,16510.0,15426.0,1084.0,4622.0,41914.0,32051.0,0.0,32051.0,29754.0,2297.0,9863.0,55531.0,44273.0,0.0,44273.0,42307.0,1966.0,11258.0,27994.0,20707.0,0.0,20707.0,19993.0,714.0,7287.0,9605.0,6597.0,0.0,6597.0,6511.0,86.0,3008.0,13411.0,6524.0,0.0,6524.0,6226.0,298.0,6887.0,18810.0,5431.0,5358.0,73.0,13379.0,14374.0,2539.0,2475.0,64.0,11835.0,32244.0,2391.0,2391.0,0.0,29853.0,245245.0,160460.0,29982.0,53793.0,28299.0,28595.0,11870.0,4972.0,2949.0,84785.0,27457.0,20171.0,13367.0,12815.0,4695.0,2479.0,3801.0,460900.0
50000US3618,NY,36,18, Congressional District 18,"Congressional District 18, NY",720268.0,358339.0,19687.0,24177.0,26542.0,17279.0,12436.0,6152.0,5612.0,17016.0,19958.0,19543.0,20668.0,22011.0,27181.0,28493.0,26657.0,8598.0,10947.0,8115.0,9713.0,10084.0,7986.0,5110.0,4374.0,361929.0,19162.0,22824.0,24028.0,16066.0,10882.0,6245.0,4226.0,12643.0,19018.0,19124.0,21086.0,23062.0,28310.0,29730.0,25820.0,9116.0,13001.0,7515.0,10963.0,13358.0,7992.0,7758.0,10000.0,720268.0,720268.0,601968.0,494154.0,67564.0,1528.0,21801.0,252.0,2941.0,13728.0,1503.0,12225.0,118300.0,53910.0,4319.0,820.0,295.0,165.0,51576.0,7215.0,4644.0,2571.0,583848.0,203239.0,287444.0,50982.0,12877.0,29306.0,397818.0,154154.0,179262.0,35932.0,8667.0,19803.0,93977.0,28574.0,50349.0,8899.0,1643.0,4512.0,18020.0,6215.0,9441.0,957.0,696.0,711.0,74033.0,14296.0,48392.0,5194.0,1871.0,4280.0,246323.0,12476.0,8420.0,7153.0,9171.0,8645.0,10363.0,7872.0,8594.0,6979.0,15999.0,21733.0,32576.0,28321.0,19081.0,23951.0,24989.0,571395.0,281109.0,22891.0,8351.0,737.0,7614.0,5876.0,1738.0,14540.0,11764.0,8846.0,1048.0,7798.0,6114.0,1684.0,2918.0,17016.0,13663.0,731.0,12932.0,11512.0,1420.0,3353.0,19958.0,16659.0,121.0,16538.0,15163.0,1375.0,3299.0,19543.0,17264.0,341.0,16923.0,16066.0,857.0,2279.0,42679.0,37079.0,401.0,36678.0,35870.0,808.0,5600.0,55674.0,46789.0,445.0,46344.0,44032.0,2312.0,8885.0,26657.0,20039.0,0.0,20039.0,18905.0,1134.0,6618.0,8598.0,6180.0,0.0,6180.0,5752.0,428.0,2418.0,10947.0,6152.0,0.0,6152.0,5980.0,172.0,4795.0,17828.0,7754.0,7327.0,427.0,10074.0,10084.0,2680.0,2449.0,231.0,7404.0,17470.0,2359.0,2318.0,41.0,15111.0,290286.0,21319.0,7111.0,339.0,6772.0,5784.0,988.0,14208.0,10471.0,6361.0,145.0,6216.0,5097.0,1119.0,4110.0,12643.0,9507.0,105.0,9402.0,8321.0,1081.0,3136.0,19018.0,14173.0,0.0,14173.0,13496.0,677.0,4845.0,19124.0,13627.0,20.0,13607.0,12939.0,668.0,5497.0,44148.0,32689.0,39.0,32650.0,31291.0,1359.0,11459.0,58040.0,44384.0,0.0,44384.0,42396.0,1988.0,13656.0,25820.0,18172.0,0.0,18172.0,17823.0,349.0,7648.0,9116.0,5518.0,0.0,5518.0,5518.0,0.0,3598.0,13001.0,6422.0,0.0,6422.0,6216.0,206.0,6579.0,18478.0,5405.0,5335.0,70.0,13073.0,13358.0,2808.0,2771.0,37.0,10550.0,25750.0,1179.0,1137.0,42.0,24571.0,246323.0,171071.0,34363.0,57834.0,31677.0,27783.0,12117.0,4626.0,2671.0,75252.0,29776.0,20045.0,9416.0,7733.0,5242.0,1591.0,1449.0,296500.0
50000US3619,NY,36,19, Congressional District 19,"Congressional District 19, NY",705044.0,353357.0,17546.0,18889.0,19996.0,13685.0,11378.0,6342.0,5231.0,13361.0,20029.0,18684.0,20701.0,19192.0,25676.0,28647.0,29478.0,9903.0,14367.0,10405.0,11484.0,15430.0,10153.0,6787.0,5993.0,351687.0,16312.0,18226.0,18796.0,12253.0,11873.0,6966.0,4407.0,11393.0,17136.0,19058.0,19809.0,18634.0,23552.0,28425.0,27699.0,11525.0,15593.0,9460.0,12651.0,17475.0,12871.0,8655.0,8918.0,705044.0,705044.0,653334.0,598459.0,28828.0,386.0,11380.0,318.0,783.0,13180.0,338.0,12842.0,51710.0,30401.0,2298.0,695.0,168.0,0.0,12881.0,5267.0,2062.0,3205.0,595279.0,191285.0,289408.0,60550.0,16601.0,37435.0,439649.0,148392.0,205350.0,46135.0,12093.0,27679.0,106440.0,29886.0,56752.0,10293.0,2907.0,6602.0,8486.0,3282.0,3735.0,595.0,421.0,453.0,40704.0,9725.0,23571.0,3527.0,1180.0,2701.0,269443.0,16182.0,13445.0,12628.0,13477.0,12903.0,12322.0,13137.0,12204.0,10304.0,20846.0,31337.0,33714.0,26826.0,12779.0,16582.0,10757.0,587620.0,292475.0,20612.0,7000.0,0.0,7000.0,5316.0,1684.0,13612.0,11573.0,6522.0,5.0,6517.0,5616.0,901.0,5051.0,13361.0,8891.0,0.0,8891.0,8081.0,810.0,4470.0,20029.0,16993.0,116.0,16877.0,15289.0,1588.0,3036.0,18684.0,15180.0,0.0,15180.0,13937.0,1243.0,3504.0,39893.0,33081.0,0.0,33081.0,31285.0,1796.0,6812.0,54323.0,43321.0,52.0,43269.0,41680.0,1589.0,11002.0,29478.0,23646.0,0.0,23646.0,22543.0,1103.0,5832.0,9903.0,6114.0,0.0,6114.0,5710.0,404.0,3789.0,14367.0,7292.0,0.0,7292.0,7078.0,214.0,7075.0,21889.0,7452.0,7410.0,42.0,14437.0,15430.0,3873.0,3823.0,50.0,11557.0,22933.0,2508.0,2377.0,131.0,20425.0,295145.0,20918.0,7290.0,0.0,7290.0,6105.0,1185.0,13628.0,11373.0,7347.0,0.0,7347.0,6519.0,828.0,4026.0,11393.0,9073.0,0.0,9073.0,8405.0,668.0,2320.0,17136.0,13549.0,0.0,13549.0,12436.0,1113.0,3587.0,19058.0,13920.0,0.0,13920.0,13332.0,588.0,5138.0,38443.0,28992.0,0.0,28992.0,27378.0,1614.0,9451.0,51977.0,39799.0,0.0,39799.0,37730.0,2069.0,12178.0,27699.0,18971.0,0.0,18971.0,18437.0,534.0,8728.0,11525.0,6937.0,0.0,6937.0,6771.0,166.0,4588.0,15593.0,6908.0,0.0,6908.0,6719.0,189.0,8685.0,22111.0,6922.0,6532.0,390.0,15189.0,17475.0,3139.0,3056.0,83.0,14336.0,30444.0,1963.0,1963.0,0.0,28481.0,269443.0,194480.0,47627.0,78252.0,30021.0,24467.0,8866.0,3422.0,1825.0,74963.0,30889.0,22137.0,9214.0,7341.0,2900.0,1599.0,883.0,198100.0
50000US3620,NY,36,20, Congressional District 20,"Congressional District 20, NY",727216.0,355402.0,20079.0,19778.0,21084.0,13305.0,13502.0,5877.0,7698.0,17041.0,24110.0,23522.0,21916.0,21372.0,22988.0,25555.0,25801.0,8986.0,12947.0,7904.0,11027.0,11250.0,7157.0,5735.0,6768.0,371814.0,18261.0,19456.0,19898.0,12216.0,11984.0,7836.0,5758.0,17529.0,25147.0,23591.0,22363.0,21757.0,24244.0,26217.0,26000.0,10364.0,13698.0,9513.0,10200.0,14686.0,10198.0,8786.0,12112.0,727216.0,727216.0,681179.0,555060.0,61162.0,731.0,37528.0,390.0,4840.0,21468.0,1643.0,19825.0,46037.0,26080.0,3547.0,147.0,496.0,0.0,10653.0,5114.0,1331.0,3783.0,608660.0,244000.0,256118.0,60610.0,10461.0,37471.0,448297.0,189498.0,177035.0,46713.0,6869.0,28182.0,92076.0,33831.0,41597.0,9568.0,1936.0,5144.0,7018.0,3835.0,2402.0,304.0,82.0,395.0,61269.0,16836.0,35084.0,4025.0,1574.0,3750.0,283768.0,16402.0,12916.0,13214.0,13319.0,12642.0,12815.0,10655.0,11930.0,11239.0,22864.0,29678.0,38736.0,25111.0,17556.0,19149.0,15542.0,599543.0,289740.0,22086.0,7659.0,0.0,7659.0,6800.0,859.0,14427.0,13575.0,8307.0,365.0,7942.0,7132.0,810.0,5268.0,17041.0,14709.0,133.0,14576.0,11961.0,2615.0,2332.0,24110.0,21687.0,648.0,21039.0,19359.0,1680.0,2423.0,23522.0,22042.0,224.0,21818.0,20364.0,1454.0,1480.0,43288.0,38455.0,59.0,38396.0,37452.0,944.0,4833.0,48543.0,42638.0,181.0,42457.0,40754.0,1703.0,5905.0,25801.0,20501.0,0.0,20501.0,19785.0,716.0,5300.0,8986.0,6319.0,0.0,6319.0,6265.0,54.0,2667.0,12947.0,6487.0,0.0,6487.0,6421.0,66.0,6460.0,18931.0,7174.0,6960.0,214.0,11757.0,11250.0,2769.0,2769.0,0.0,8481.0,19660.0,2064.0,1957.0,107.0,17596.0,309803.0,19804.0,8205.0,0.0,8205.0,6804.0,1401.0,11599.0,13594.0,9024.0,0.0,9024.0,7570.0,1454.0,4570.0,17529.0,14589.0,0.0,14589.0,13939.0,650.0,2940.0,25147.0,21963.0,0.0,21963.0,20601.0,1362.0,3184.0,23591.0,18330.0,0.0,18330.0,17391.0,939.0,5261.0,44120.0,35776.0,34.0,35742.0,34512.0,1230.0,8344.0,50461.0,39194.0,0.0,39194.0,37984.0,1210.0,11267.0,26000.0,19650.0,0.0,19650.0,18750.0,900.0,6350.0,10364.0,5825.0,0.0,5825.0,5564.0,261.0,4539.0,13698.0,5871.0,0.0,5871.0,5693.0,178.0,7827.0,19713.0,5298.0,5169.0,129.0,14415.0,14686.0,1834.0,1680.0,154.0,12852.0,31096.0,1300.0,1300.0,0.0,29796.0,283768.0,170271.0,41359.0,67773.0,24945.0,22518.0,10371.0,2612.0,693.0,113497.0,61677.0,26464.0,13354.0,7726.0,2896.0,922.0,458.0,202100.0
50000US3621,NY,36,21, Congressional District 21,"Congressional District 21, NY",710842.0,365039.0,22059.0,22015.0,20203.0,13202.0,10516.0,7306.0,7263.0,15406.0,25598.0,23012.0,21756.0,22044.0,24658.0,27115.0,26838.0,9013.0,14170.0,9292.0,9344.0,14333.0,7855.0,5927.0,6114.0,345803.0,19616.0,18501.0,20175.0,12634.0,9325.0,5815.0,5195.0,13455.0,18738.0,19947.0,18507.0,21074.0,23826.0,27280.0,27246.0,8987.0,12359.0,9945.0,10708.0,14047.0,10129.0,8326.0,9968.0,710842.0,710842.0,687318.0,644891.0,22055.0,2697.0,6710.0,383.0,326.0,10256.0,112.0,10144.0,23524.0,13130.0,1033.0,32.0,60.0,39.0,5361.0,3869.0,2000.0,1869.0,588273.0,186618.0,286767.0,65196.0,12733.0,36959.0,443756.0,146256.0,209652.0,49086.0,9322.0,29440.0,114469.0,32591.0,60415.0,13359.0,2732.0,5372.0,8282.0,3429.0,3444.0,929.0,29.0,451.0,21766.0,4342.0,13256.0,1822.0,650.0,1696.0,272287.0,18113.0,13803.0,14495.0,15662.0,14178.0,14808.0,12792.0,14988.0,12383.0,24298.0,30817.0,36029.0,21817.0,12288.0,10046.0,5770.0,579498.0,296612.0,19568.0,8346.0,482.0,7864.0,6345.0,1519.0,11222.0,14569.0,9974.0,2009.0,7965.0,6895.0,1070.0,4595.0,15406.0,12169.0,2239.0,9930.0,9038.0,892.0,3237.0,25598.0,19130.0,2455.0,16675.0,15118.0,1557.0,6468.0,23012.0,17431.0,1166.0,16265.0,15292.0,973.0,5581.0,43800.0,34751.0,915.0,33836.0,32094.0,1742.0,9049.0,51773.0,40050.0,383.0,39667.0,37796.0,1871.0,11723.0,26838.0,18472.0,32.0,18440.0,17456.0,984.0,8366.0,9013.0,5759.0,0.0,5759.0,5413.0,346.0,3254.0,14170.0,6292.0,0.0,6292.0,6055.0,237.0,7878.0,18636.0,5967.0,5890.0,77.0,12669.0,14333.0,2251.0,2138.0,113.0,12082.0,19896.0,1470.0,1427.0,43.0,18426.0,282886.0,17334.0,7662.0,0.0,7662.0,6252.0,1410.0,9672.0,11010.0,7231.0,139.0,7092.0,6314.0,778.0,3779.0,13455.0,9824.0,168.0,9656.0,8666.0,990.0,3631.0,18738.0,14740.0,424.0,14316.0,13171.0,1145.0,3998.0,19947.0,14813.0,320.0,14493.0,13366.0,1127.0,5134.0,39581.0,31940.0,310.0,31630.0,30784.0,846.0,7641.0,51106.0,39045.0,18.0,39027.0,37141.0,1886.0,12061.0,27246.0,18392.0,0.0,18392.0,17738.0,654.0,8854.0,8987.0,5560.0,0.0,5560.0,5524.0,36.0,3427.0,12359.0,4856.0,0.0,4856.0,4661.0,195.0,7503.0,20653.0,5122.0,4913.0,209.0,15531.0,14047.0,1737.0,1728.0,9.0,12310.0,28423.0,1285.0,1285.0,0.0,27138.0,272287.0,190931.0,44073.0,80394.0,27858.0,25294.0,8987.0,2345.0,1980.0,81356.0,31389.0,23153.0,12568.0,8557.0,3384.0,1491.0,814.0,135900.0
50000US3622,NY,36,22, Congressional District 22,"Congressional District 22, NY",711391.0,353298.0,19272.0,20650.0,21492.0,14405.0,12486.0,6067.0,6475.0,16273.0,21253.0,21040.0,18290.0,20125.0,23173.0,26769.0,26774.0,10511.0,12355.0,8700.0,11002.0,13875.0,10102.0,5718.0,6491.0,358093.0,17802.0,20295.0,19340.0,13317.0,12270.0,7755.0,6439.0,13730.0,20125.0,19567.0,17271.0,20139.0,23126.0,26331.0,25813.0,9593.0,15235.0,8770.0,11708.0,15516.0,12272.0,9135.0,12544.0,711391.0,711391.0,685292.0,623259.0,26028.0,1259.0,19416.0,598.0,487.0,14245.0,232.0,14013.0,26099.0,13876.0,1966.0,75.0,64.0,567.0,6796.0,2755.0,1340.0,1415.0,592540.0,206460.0,264335.0,65574.0,14700.0,41471.0,468681.0,169549.0,202278.0,52883.0,11268.0,32703.0,83366.0,24464.0,41012.0,9394.0,2249.0,6247.0,7802.0,3140.0,3289.0,818.0,394.0,161.0,32691.0,9307.0,17756.0,2479.0,789.0,2360.0,275235.0,20440.0,14727.0,15942.0,16173.0,14895.0,15655.0,14324.0,11979.0,11915.0,24755.0,28043.0,34730.0,21282.0,13635.0,9200.0,7540.0,582802.0,285975.0,20982.0,7062.0,0.0,7062.0,5590.0,1472.0,13920.0,12542.0,6860.0,0.0,6860.0,5482.0,1378.0,5682.0,16273.0,11829.0,0.0,11829.0,10128.0,1701.0,4444.0,21253.0,16977.0,45.0,16932.0,14997.0,1935.0,4276.0,21040.0,17640.0,19.0,17621.0,16531.0,1090.0,3400.0,38415.0,32731.0,55.0,32676.0,30747.0,1929.0,5684.0,49942.0,40220.0,65.0,40155.0,38240.0,1915.0,9722.0,26774.0,19993.0,0.0,19993.0,18726.0,1267.0,6781.0,10511.0,7017.0,0.0,7017.0,6687.0,330.0,3494.0,12355.0,6269.0,0.0,6269.0,5896.0,373.0,6086.0,19702.0,5300.0,5234.0,66.0,14402.0,13875.0,2302.0,2258.0,44.0,11573.0,22311.0,1842.0,1842.0,0.0,20469.0,296827.0,21758.0,8506.0,0.0,8506.0,7081.0,1425.0,13252.0,14194.0,9771.0,0.0,9771.0,8602.0,1169.0,4423.0,13730.0,11088.0,0.0,11088.0,10222.0,866.0,2642.0,20125.0,16049.0,0.0,16049.0,15130.0,919.0,4076.0,19567.0,14858.0,0.0,14858.0,14144.0,714.0,4709.0,37410.0,28398.0,40.0,28358.0,26684.0,1674.0,9012.0,49457.0,37430.0,0.0,37430.0,36271.0,1159.0,12027.0,25813.0,18739.0,0.0,18739.0,18331.0,408.0,7074.0,9593.0,5275.0,0.0,5275.0,5169.0,106.0,4318.0,15235.0,6264.0,0.0,6264.0,6120.0,144.0,8971.0,20478.0,6392.0,6266.0,126.0,14086.0,15516.0,1604.0,1551.0,53.0,13912.0,33951.0,1476.0,1441.0,35.0,32475.0,275235.0,187903.0,44194.0,77958.0,28502.0,21657.0,10214.0,3076.0,2302.0,87332.0,38758.0,21465.0,13157.0,7332.0,3458.0,2065.0,1097.0,113000.0
50000US3623,NY,36,23, Congressional District 23,"Congressional District 23, NY",708372.0,350974.0,18954.0,18460.0,22029.0,14308.0,14081.0,7218.0,7876.0,16269.0,22179.0,20019.0,18102.0,19286.0,22227.0,24832.0,26170.0,10558.0,13357.0,8684.0,11006.0,13516.0,9910.0,6446.0,5487.0,357398.0,18652.0,18604.0,19751.0,12632.0,14835.0,7202.0,9738.0,13097.0,19959.0,20126.0,18222.0,19985.0,21123.0,26628.0,28228.0,9637.0,12699.0,8876.0,12243.0,14666.0,12080.0,7644.0,10771.0,708372.0,708372.0,682257.0,624828.0,19793.0,3645.0,18362.0,180.0,1204.0,14245.0,308.0,13937.0,26115.0,17429.0,1720.0,406.0,80.0,0.0,5555.0,925.0,529.0,396.0,591922.0,204478.0,271098.0,66095.0,14791.0,35460.0,428696.0,145782.0,196191.0,49822.0,11347.0,25554.0,127942.0,42909.0,60963.0,13525.0,2354.0,8191.0,6900.0,2780.0,2508.0,958.0,493.0,161.0,28384.0,13007.0,11436.0,1790.0,597.0,1554.0,275077.0,20514.0,16391.0,16664.0,15847.0,14585.0,16573.0,12770.0,12910.0,12245.0,24409.0,29629.0,32495.0,21576.0,11241.0,9399.0,7829.0,583154.0,286179.0,23037.0,9535.0,0.0,9535.0,7916.0,1619.0,13502.0,15094.0,7340.0,0.0,7340.0,6839.0,501.0,7754.0,16269.0,11120.0,0.0,11120.0,9580.0,1540.0,5149.0,22179.0,18173.0,0.0,18173.0,16428.0,1745.0,4006.0,20019.0,16583.0,14.0,16569.0,14970.0,1599.0,3436.0,37388.0,31288.0,132.0,31156.0,29203.0,1953.0,6100.0,47059.0,38549.0,0.0,38549.0,36512.0,2037.0,8510.0,26170.0,20417.0,0.0,20417.0,19805.0,612.0,5753.0,10558.0,6532.0,0.0,6532.0,6145.0,387.0,4026.0,13357.0,6294.0,0.0,6294.0,6028.0,266.0,7063.0,19690.0,6348.0,6150.0,198.0,13342.0,13516.0,2196.0,2097.0,99.0,11320.0,21843.0,1964.0,1901.0,63.0,19879.0,296975.0,24051.0,8516.0,0.0,8516.0,6910.0,1606.0,15535.0,16940.0,9302.0,0.0,9302.0,8348.0,954.0,7638.0,13097.0,9758.0,52.0,9706.0,9216.0,490.0,3339.0,19959.0,15177.0,0.0,15177.0,14365.0,812.0,4782.0,20126.0,14363.0,0.0,14363.0,13900.0,463.0,5763.0,38207.0,30069.0,138.0,29931.0,28457.0,1474.0,8138.0,47751.0,36389.0,0.0,36389.0,35314.0,1075.0,11362.0,28228.0,20165.0,0.0,20165.0,19455.0,710.0,8063.0,9637.0,5279.0,0.0,5279.0,5149.0,130.0,4358.0,12699.0,5507.0,0.0,5507.0,5347.0,160.0,7192.0,21119.0,5960.0,5819.0,141.0,15159.0,14666.0,1404.0,1353.0,51.0,13262.0,30495.0,1101.0,1101.0,0.0,29394.0,275077.0,189463.0,45760.0,77391.0,31358.0,21201.0,8316.0,2875.0,2562.0,85614.0,38654.0,23899.0,10096.0,7231.0,3057.0,1983.0,694.0,102000.0
50000US3624,NY,36,24, Congressional District 24,"Congressional District 24, NY",708959.0,347857.0,20017.0,22420.0,21053.0,14559.0,11117.0,5314.0,5325.0,15004.0,24048.0,21433.0,19316.0,19541.0,24014.0,26445.0,24598.0,9776.0,14319.0,8253.0,9491.0,11921.0,7992.0,5626.0,6275.0,361102.0,19147.0,19196.0,21797.0,14352.0,12936.0,7099.0,5540.0,11918.0,22628.0,21915.0,18728.0,21481.0,23757.0,27258.0,26772.0,9911.0,14089.0,9800.0,10600.0,12758.0,9685.0,7470.0,12265.0,708959.0,708959.0,677748.0,578977.0,56679.0,3345.0,18964.0,427.0,2176.0,17180.0,380.0,16800.0,31211.0,21170.0,2576.0,25.0,61.0,60.0,4587.0,2732.0,1007.0,1725.0,585329.0,213478.0,258642.0,64346.0,12158.0,36705.0,450166.0,165555.0,195521.0,51551.0,9725.0,27814.0,86467.0,31311.0,37453.0,10073.0,1489.0,6141.0,8012.0,3488.0,3472.0,564.0,293.0,195.0,40684.0,13124.0,22196.0,2158.0,651.0,2555.0,276624.0,18869.0,13920.0,12932.0,13799.0,13750.0,13930.0,12564.0,12932.0,13485.0,22492.0,29901.0,36073.0,24306.0,13554.0,14800.0,9317.0,575874.0,279421.0,20730.0,6884.0,0.0,6884.0,5169.0,1715.0,13846.0,10639.0,6604.0,92.0,6512.0,5454.0,1058.0,4035.0,15004.0,11196.0,0.0,11196.0,9608.0,1588.0,3808.0,24048.0,20539.0,0.0,20539.0,18713.0,1826.0,3509.0,21433.0,19264.0,28.0,19236.0,17578.0,1658.0,2169.0,38857.0,33925.0,315.0,33610.0,32079.0,1531.0,4932.0,50459.0,42408.0,209.0,42199.0,39933.0,2266.0,8051.0,24598.0,19550.0,0.0,19550.0,18716.0,834.0,5048.0,9776.0,6971.0,0.0,6971.0,6695.0,276.0,2805.0,14319.0,7566.0,0.0,7566.0,7019.0,547.0,6753.0,17744.0,6029.0,5520.0,509.0,11715.0,11921.0,2816.0,2550.0,266.0,9105.0,19893.0,1464.0,1391.0,73.0,18429.0,296453.0,22779.0,10142.0,0.0,10142.0,7493.0,2649.0,12637.0,12639.0,6594.0,0.0,6594.0,5930.0,664.0,6045.0,11918.0,9068.0,0.0,9068.0,8334.0,734.0,2850.0,22628.0,17256.0,0.0,17256.0,16261.0,995.0,5372.0,21915.0,17692.0,0.0,17692.0,16915.0,777.0,4223.0,40209.0,33019.0,0.0,33019.0,31611.0,1408.0,7190.0,51015.0,40144.0,0.0,40144.0,38821.0,1323.0,10871.0,26772.0,20161.0,0.0,20161.0,19655.0,506.0,6611.0,9911.0,6004.0,0.0,6004.0,5845.0,159.0,3907.0,14089.0,6687.0,0.0,6687.0,6550.0,137.0,7402.0,20400.0,5321.0,5214.0,107.0,15079.0,12758.0,1846.0,1748.0,98.0,10912.0,29420.0,956.0,910.0,46.0,28464.0,276624.0,184899.0,45344.0,70647.0,30732.0,23826.0,10254.0,2547.0,1549.0,91725.0,38392.0,26671.0,12563.0,7009.0,4435.0,1563.0,1092.0,131100.0
50000US3625,NY,36,25, Congressional District 25,"Congressional District 25, NY",722956.0,348669.0,21155.0,21884.0,20628.0,14205.0,12094.0,6013.0,5116.0,15588.0,27324.0,22928.0,18442.0,20629.0,22528.0,24419.0,25449.0,8763.0,12212.0,7090.0,10998.0,11430.0,8291.0,5612.0,5871.0,374287.0,19931.0,19434.0,22197.0,13262.0,10813.0,6756.0,5331.0,15044.0,27088.0,23833.0,22105.0,20797.0,24483.0,26891.0,24918.0,9452.0,15950.0,7333.0,11588.0,15936.0,11005.0,6891.0,13249.0,722956.0,722956.0,660916.0,506970.0,109251.0,1600.0,28411.0,99.0,1127.0,13458.0,774.0,12684.0,62040.0,38412.0,7908.0,1964.0,675.0,0.0,9587.0,3494.0,1919.0,1575.0,597727.0,224434.0,259389.0,63139.0,14008.0,36757.0,423796.0,172059.0,172394.0,46233.0,8934.0,24176.0,93797.0,28083.0,45114.0,9961.0,2415.0,8224.0,17997.0,9368.0,5550.0,1641.0,746.0,692.0,62137.0,14924.0,36331.0,5304.0,1913.0,3665.0,288441.0,22922.0,15319.0,13553.0,14139.0,13159.0,14307.0,15001.0,13638.0,13616.0,20685.0,28165.0,38132.0,24477.0,15049.0,14487.0,11792.0,587420.0,279921.0,21218.0,8618.0,0.0,8618.0,6171.0,2447.0,12600.0,11129.0,7565.0,0.0,7565.0,5830.0,1735.0,3564.0,15588.0,12192.0,30.0,12162.0,10815.0,1347.0,3396.0,27324.0,24243.0,0.0,24243.0,22539.0,1704.0,3081.0,22928.0,20936.0,24.0,20912.0,19420.0,1492.0,1992.0,39071.0,35343.0,181.0,35162.0,34029.0,1133.0,3728.0,46947.0,40386.0,0.0,40386.0,38518.0,1868.0,6561.0,25449.0,20165.0,0.0,20165.0,19173.0,992.0,5284.0,8763.0,6062.0,0.0,6062.0,5830.0,232.0,2701.0,12212.0,6796.0,0.0,6796.0,6546.0,250.0,5416.0,18088.0,6310.0,6112.0,198.0,11778.0,11430.0,2866.0,2635.0,231.0,8564.0,19774.0,1216.0,1169.0,47.0,18558.0,307499.0,18849.0,10598.0,0.0,10598.0,8806.0,1792.0,8251.0,12087.0,9360.0,0.0,9360.0,7799.0,1561.0,2727.0,15044.0,12902.0,0.0,12902.0,11795.0,1107.0,2142.0,27088.0,22532.0,0.0,22532.0,20935.0,1597.0,4556.0,23833.0,18280.0,0.0,18280.0,17106.0,1174.0,5553.0,42902.0,33184.0,0.0,33184.0,31343.0,1841.0,9718.0,51374.0,40943.0,0.0,40943.0,39158.0,1785.0,10431.0,24918.0,17409.0,0.0,17409.0,16854.0,555.0,7509.0,9452.0,5627.0,0.0,5627.0,5462.0,165.0,3825.0,15950.0,7519.0,0.0,7519.0,7519.0,0.0,8431.0,18921.0,4953.0,4762.0,191.0,13968.0,15936.0,2232.0,2191.0,41.0,13704.0,31145.0,1321.0,1293.0,28.0,29824.0,288441.0,183069.0,43992.0,70724.0,30479.0,24875.0,9323.0,2448.0,1228.0,105372.0,46028.0,27498.0,15815.0,9929.0,3711.0,1789.0,602.0,142800.0
50000US3626,NY,36,26, Congressional District 26,"Congressional District 26, NY",714758.0,342106.0,22120.0,19201.0,22250.0,13684.0,10171.0,6091.0,6269.0,15373.0,29674.0,24350.0,18140.0,18150.0,19326.0,23457.0,24515.0,9661.0,11614.0,7732.0,7274.0,11898.0,8280.0,6877.0,5999.0,372652.0,20743.0,21782.0,19379.0,12276.0,9834.0,6672.0,4846.0,17579.0,29355.0,24559.0,20677.0,19026.0,21672.0,25390.0,27992.0,10110.0,12866.0,7324.0,10407.0,15522.0,11600.0,9757.0,13284.0,714758.0,714758.0,668361.0,488749.0,129293.0,2811.0,28742.0,192.0,2670.0,15904.0,1047.0,14857.0,46397.0,17710.0,2773.0,317.0,402.0,93.0,20348.0,4754.0,2741.0,2013.0,589283.0,244543.0,224826.0,64561.0,13756.0,41597.0,454404.0,198224.0,166428.0,51363.0,9751.0,28638.0,70057.0,24374.0,25974.0,8716.0,2184.0,8809.0,11798.0,4017.0,4687.0,1077.0,1034.0,983.0,53024.0,17928.0,27737.0,3405.0,787.0,3167.0,301958.0,33129.0,20626.0,19252.0,19607.0,15603.0,16370.0,14386.0,11698.0,12822.0,22022.0,26553.0,37924.0,21094.0,12087.0,10984.0,7801.0,580180.0,273433.0,18753.0,6639.0,0.0,6639.0,5355.0,1284.0,12114.0,12360.0,7429.0,0.0,7429.0,6767.0,662.0,4931.0,15373.0,13301.0,0.0,13301.0,12453.0,848.0,2072.0,29674.0,24952.0,83.0,24869.0,22747.0,2122.0,4722.0,24350.0,21052.0,82.0,20970.0,20169.0,801.0,3298.0,36290.0,29822.0,182.0,29640.0,28080.0,1560.0,6468.0,42783.0,34656.0,0.0,34656.0,33266.0,1390.0,8127.0,24515.0,18065.0,0.0,18065.0,17119.0,946.0,6450.0,9661.0,6250.0,0.0,6250.0,5901.0,349.0,3411.0,11614.0,6036.0,0.0,6036.0,5541.0,495.0,5578.0,15006.0,4745.0,4536.0,209.0,10261.0,11898.0,2307.0,2196.0,111.0,9591.0,21156.0,2397.0,2326.0,71.0,18759.0,306747.0,18109.0,8243.0,0.0,8243.0,6994.0,1249.0,9866.0,11518.0,6929.0,0.0,6929.0,6507.0,422.0,4589.0,17579.0,13252.0,0.0,13252.0,12459.0,793.0,4327.0,29355.0,23778.0,50.0,23728.0,22153.0,1575.0,5577.0,24559.0,18869.0,0.0,18869.0,18222.0,647.0,5690.0,39703.0,29642.0,0.0,29642.0,28598.0,1044.0,10061.0,47062.0,36622.0,0.0,36622.0,34618.0,2004.0,10440.0,27992.0,19432.0,0.0,19432.0,18755.0,677.0,8560.0,10110.0,5967.0,0.0,5967.0,5711.0,256.0,4143.0,12866.0,5627.0,0.0,5627.0,5483.0,144.0,7239.0,17731.0,4970.0,4745.0,225.0,12761.0,15522.0,2380.0,2380.0,0.0,13142.0,34641.0,1498.0,1455.0,43.0,33143.0,301958.0,176027.0,53344.0,62868.0,26582.0,20268.0,8208.0,3638.0,1119.0,125931.0,59511.0,30585.0,16537.0,11535.0,4811.0,2144.0,808.0,116900.0
50000US3627,NY,36,27,Congressional District 27,"Congressional District 27, NY",717794.0,358751.0,17247.0,19520.0,21150.0,15116.0,8935.0,3431.0,4437.0,14462.0,21130.0,20380.0,20731.0,22826.0,27756.0,30128.0,29670.0,12053.0,13202.0,9096.0,11916.0,14955.0,9453.0,6227.0,4930.0,359043.0,16253.0,19164.0,19575.0,14632.0,8440.0,4033.0,4145.0,13059.0,18658.0,18265.0,18766.0,21557.0,26804.0,29644.0,29819.0,12239.0,13436.0,8753.0,13003.0,16583.0,11418.0,8714.0,12083.0,717794.0,717794.0,699933.0,662458.0,16989.0,3434.0,7889.0,91.0,517.0,8555.0,478.0,8077.0,17861.0,11686.0,825.0,135.0,0.0,0.0,4338.0,877.0,409.0,468.0,604885.0,175549.0,318275.0,62103.0,10628.0,38330.0,509830.0,151863.0,266596.0,53535.0,7724.0,30112.0,67063.0,17571.0,34911.0,6862.0,2488.0,5231.0,3388.0,1161.0,1772.0,289.0,16.0,150.0,24604.0,4954.0,14996.0,1417.0,400.0,2837.0,281990.0,13222.0,12942.0,13094.0,12395.0,11108.0,13097.0,12784.0,12694.0,11412.0,21602.0,31500.0,41409.0,30496.0,18076.0,15379.0,10780.0,595465.0,296798.0,20015.0,7304.0,0.0,7304.0,6496.0,808.0,12711.0,7868.0,5470.0,0.0,5470.0,4548.0,922.0,2398.0,14462.0,11552.0,86.0,11466.0,10626.0,840.0,2910.0,21130.0,17349.0,0.0,17349.0,15992.0,1357.0,3781.0,20380.0,17283.0,0.0,17283.0,16272.0,1011.0,3097.0,43557.0,37210.0,148.0,37062.0,35589.0,1473.0,6347.0,57884.0,48793.0,0.0,48793.0,46740.0,2053.0,9091.0,29670.0,24253.0,0.0,24253.0,23877.0,376.0,5417.0,12053.0,7598.0,0.0,7598.0,7485.0,113.0,4455.0,13202.0,6613.0,0.0,6613.0,6264.0,349.0,6589.0,21012.0,7084.0,6875.0,209.0,13928.0,14955.0,2656.0,2633.0,23.0,12299.0,20610.0,1894.0,1781.0,113.0,18716.0,298667.0,17688.0,8302.0,0.0,8302.0,7334.0,968.0,9386.0,8178.0,6723.0,0.0,6723.0,6426.0,297.0,1455.0,13059.0,9350.0,0.0,9350.0,8775.0,575.0,3709.0,18658.0,15040.0,0.0,15040.0,14566.0,474.0,3618.0,18265.0,14582.0,0.0,14582.0,13764.0,818.0,3683.0,40323.0,32419.0,0.0,32419.0,31654.0,765.0,7904.0,56448.0,45628.0,0.0,45628.0,44154.0,1474.0,10820.0,29819.0,21320.0,0.0,21320.0,20673.0,647.0,8499.0,12239.0,8456.0,0.0,8456.0,8350.0,106.0,3783.0,13436.0,5895.0,0.0,5895.0,5737.0,158.0,7541.0,21756.0,5935.0,5740.0,195.0,15821.0,16583.0,2152.0,2047.0,105.0,14431.0,32215.0,1401.0,1313.0,88.0,30814.0,281990.0,215647.0,46333.0,89781.0,35412.0,27610.0,11167.0,3538.0,1806.0,66343.0,29747.0,17927.0,8561.0,5288.0,3494.0,942.0,384.0,149300.0
